Workbook

Sheet Characters
A1: name | B1: nickname | C1: nation | D1: posteNaturel (12) | E1: role (FM) | F1: posteSecondaire1 | G1: posteSecondaire2 | H1: archetypes (libre, virgules) | I1: style | J1: base OVR (1-93) | K1: pied | L1: taille (cm) | M1: poids (kg) | N1: signature (oui/non) | O1: lora (ref ComfyUI) | P1: bio / lore | Q1: id (AUTO) | R1: photo (AUTO) | S1: refPrefix (AUTO)
A2: Soledad Diaz | B2: Sol | C2: argentine | D2: ST | E2: second_striker | F2: CAM | G2: LW | H2: phenomene,creatif,vision | I2: vista | J2: 93 | K2: both | L2: 174 | M2: 68 | N2: oui | O2: soledad_diaz_v1 | P2: Capitaine de l Albiceleste. Pivot de reference. | Q2: =SUBSTITUTE(SUBSTITUTE(SUBSTITUTE(SUBSTITUTE(SUBSTITUTE(SUBSTITUTE(SUBSTITUTE(SUBSTITUTE(SUBSTITUTE(SUBSTITUTE(SUBSTITUTE(SUBSTITUTE(SUBSTITUTE(SUBSTITUTE(SUBSTITUTE(SUBSTITUTE(SUBSTITUTE(SUBSTITUTE(SUBSTITUTE(SUBSTITUTE(SUBSTITUTE(SUBSTITUTE(SUBSTITUTE(SUBSTITUTE(SUBSTITUTE(SUBSTITUTE(SUBSTITUTE(LOWER(TRIM(A2)),"á","a"),"à","a"),"â","a"),"ä","a"),"ã","a"),"é","e"),"è","e"),"ê","e"),"ë","e"),"í","i"),"ì","i"),"î","i"),"ï","i"),"ó","o"),"ò","o"),"ô","o"),"ö","o"),"õ","o"),"ú","u"),"ù","u"),"û","u"),"ü","u"),"ñ","n"),"ç","c")," ","-"),"'",""),".","") | R2: =IF(A2<>"","cards/football/"&C2/"&Q2/standard.png","") | S2: =IF(C2<>"",VLOOKUP(C2,Références!$A$2:$B$9,2,FALSE),"")
Q3: =SUBSTITUTE(SUBSTITUTE(SUBSTITUTE(SUBSTITUTE(SUBSTITUTE(SUBSTITUTE(SUBSTITUTE(SUBSTITUTE(SUBSTITUTE(SUBSTITUTE(SUBSTITUTE(SUBSTITUTE(SUBSTITUTE(SUBSTITUTE(SUBSTITUTE(SUBSTITUTE(SUBSTITUTE(SUBSTITUTE(SUBSTITUTE(SUBSTITUTE(SUBSTITUTE(SUBSTITUTE(SUBSTITUTE(SUBSTITUTE(SUBSTITUTE(SUBSTITUTE(SUBSTITUTE(LOWER(TRIM(A3)),"á","a"),"à","a"),"â","a"),"ä","a"),"ã","a"),"é","e"),"è","e"),"ê","e"),"ë","e"),"í","i"),"ì","i"),"î","i"),"ï","i"),"ó","o"),"ò","o"),"ô","o"),"ö","o"),"õ","o"),"ú","u"),"ù","u"),"û","u"),"ü","u"),"ñ","n"),"ç","c")," ","-"),"'",""),".","") | R3: =IF(A3<>"","cards/football/"&C3/"&Q3/standard.png","") | S3: =IF(C3<>"",VLOOKUP(C3,Références!$A$2:$B$9,2,FALSE),"")
Q4: =SUBSTITUTE(SUBSTITUTE(SUBSTITUTE(SUBSTITUTE(SUBSTITUTE(SUBSTITUTE(SUBSTITUTE(SUBSTITUTE(SUBSTITUTE(SUBSTITUTE(SUBSTITUTE(SUBSTITUTE(SUBSTITUTE(SUBSTITUTE(SUBSTITUTE(SUBSTITUTE(SUBSTITUTE(SUBSTITUTE(SUBSTITUTE(SUBSTITUTE(SUBSTITUTE(SUBSTITUTE(SUBSTITUTE(SUBSTITUTE(SUBSTITUTE(SUBSTITUTE(SUBSTITUTE(LOWER(TRIM(A4)),"á","a"),"à","a"),"â","a"),"ä","a"),"ã","a"),"é","e"),"è","e"),"ê","e"),"ë","e"),"í","i"),"ì","i"),"î","i"),"ï","i"),"ó","o"),"ò","o"),"ô","o"),"ö","o"),"õ","o"),"ú","u"),"ù","u"),"û","u"),"ü","u"),"ñ","n"),"ç","c")," ","-"),"'",""),".","") | R4: =IF(A4<>"","cards/football/"&C4/"&Q4/standard.png","") | S4: =IF(C4<>"",VLOOKUP(C4,Références!$A$2:$B$9,2,FALSE),"")
Q5: =SUBSTITUTE(SUBSTITUTE(SUBSTITUTE(SUBSTITUTE(SUBSTITUTE(SUBSTITUTE(SUBSTITUTE(SUBSTITUTE(SUBSTITUTE(SUBSTITUTE(SUBSTITUTE(SUBSTITUTE(SUBSTITUTE(SUBSTITUTE(SUBSTITUTE(SUBSTITUTE(SUBSTITUTE(SUBSTITUTE(SUBSTITUTE(SUBSTITUTE(SUBSTITUTE(SUBSTITUTE(SUBSTITUTE(SUBSTITUTE(SUBSTITUTE(SUBSTITUTE(SUBSTITUTE(LOWER(TRIM(A5)),"á","a"),"à","a"),"â","a"),"ä","a"),"ã","a"),"é","e"),"è","e"),"ê","e"),"ë","e"),"í","i"),"ì","i"),"î","i"),"ï","i"),"ó","o"),"ò","o"),"ô","o"),"ö","o"),"õ","o"),"ú","u"),"ù","u"),"û","u"),"ü","u"),"ñ","n"),"ç","c")," ","-"),"'",""),".","") | R5: =IF(A5<>"","cards/football/"&C5/"&Q5/standard.png","") | S5: =IF(C5<>"",VLOOKUP(C5,Références!$A$2:$B$9,2,FALSE),"")
Q6: =SUBSTITUTE(SUBSTITUTE(SUBSTITUTE(SUBSTITUTE(SUBSTITUTE(SUBSTITUTE(SUBSTITUTE(SUBSTITUTE(SUBSTITUTE(SUBSTITUTE(SUBSTITUTE(SUBSTITUTE(SUBSTITUTE(SUBSTITUTE(SUBSTITUTE(SUBSTITUTE(SUBSTITUTE(SUBSTITUTE(SUBSTITUTE(SUBSTITUTE(SUBSTITUTE(SUBSTITUTE(SUBSTITUTE(SUBSTITUTE(SUBSTITUTE(SUBSTITUTE(SUBSTITUTE(LOWER(TRIM(A6)),"á","a"),"à","a"),"â","a"),"ä","a"),"ã","a"),"é","e"),"è","e"),"ê","e"),"ë","e"),"í","i"),"ì","i"),"î","i"),"ï","i"),"ó","o"),"ò","o"),"ô","o"),"ö","o"),"õ","o"),"ú","u"),"ù","u"),"û","u"),"ü","u"),"ñ","n"),"ç","c")," ","-"),"'",""),".","") | R6: =IF(A6<>"","cards/football/"&C6/"&Q6/standard.png","") | S6: =IF(C6<>"",VLOOKUP(C6,Références!$A$2:$B$9,2,FALSE),"")
Q7: =SUBSTITUTE(SUBSTITUTE(SUBSTITUTE(SUBSTITUTE(SUBSTITUTE(SUBSTITUTE(SUBSTITUTE(SUBSTITUTE(SUBSTITUTE(SUBSTITUTE(SUBSTITUTE(SUBSTITUTE(SUBSTITUTE(SUBSTITUTE(SUBSTITUTE(SUBSTITUTE(SUBSTITUTE(SUBSTITUTE(SUBSTITUTE(SUBSTITUTE(SUBSTITUTE(SUBSTITUTE(SUBSTITUTE(SUBSTITUTE(SUBSTITUTE(SUBSTITUTE(SUBSTITUTE(LOWER(TRIM(A7)),"á","a"),"à","a"),"â","a"),"ä","a"),"ã","a"),"é","e"),"è","e"),"ê","e"),"ë","e"),"í","i"),"ì","i"),"î","i"),"ï","i"),"ó","o"),"ò","o"),"ô","o"),"ö","o"),"õ","o"),"ú","u"),"ù","u"),"û","u"),"ü","u"),"ñ","n"),"ç","c")," ","-"),"'",""),".","") | R7: =IF(A7<>"","cards/football/"&C7/"&Q7/standard.png","") | S7: =IF(C7<>"",VLOOKUP(C7,Références!$A$2:$B$9,2,FALSE),"")
Q8: =SUBSTITUTE(SUBSTITUTE(SUBSTITUTE(SUBSTITUTE(SUBSTITUTE(SUBSTITUTE(SUBSTITUTE(SUBSTITUTE(SUBSTITUTE(SUBSTITUTE(SUBSTITUTE(SUBSTITUTE(SUBSTITUTE(SUBSTITUTE(SUBSTITUTE(SUBSTITUTE(SUBSTITUTE(SUBSTITUTE(SUBSTITUTE(SUBSTITUTE(SUBSTITUTE(SUBSTITUTE(SUBSTITUTE(SUBSTITUTE(SUBSTITUTE(SUBSTITUTE(SUBSTITUTE(LOWER(TRIM(A8)),"á","a"),"à","a"),"â","a"),"ä","a"),"ã","a"),"é","e"),"è","e"),"ê","e"),"ë","e"),"í","i"),"ì","i"),"î","i"),"ï","i"),"ó","o"),"ò","o"),"ô","o"),"ö","o"),"õ","o"),"ú","u"),"ù","u"),"û","u"),"ü","u"),"ñ","n"),"ç","c")," ","-"),"'",""),".","") | R8: =IF(A8<>"","cards/football/"&C8/"&Q8/standard.png","") | S8: =IF(C8<>"",VLOOKUP(C8,Références!$A$2:$B$9,2,FALSE),"")
Q9: =SUBSTITUTE(SUBSTITUTE(SUBSTITUTE(SUBSTITUTE(SUBSTITUTE(SUBSTITUTE(SUBSTITUTE(SUBSTITUTE(SUBSTITUTE(SUBSTITUTE(SUBSTITUTE(SUBSTITUTE(SUBSTITUTE(SUBSTITUTE(SUBSTITUTE(SUBSTITUTE(SUBSTITUTE(SUBSTITUTE(SUBSTITUTE(SUBSTITUTE(SUBSTITUTE(SUBSTITUTE(SUBSTITUTE(SUBSTITUTE(SUBSTITUTE(SUBSTITUTE(SUBSTITUTE(LOWER(TRIM(A9)),"á","a"),"à","a"),"â","a"),"ä","a"),"ã","a"),"é","e"),"è","e"),"ê","e"),"ë","e"),"í","i"),"ì","i"),"î","i"),"ï","i"),"ó","o"),"ò","o"),"ô","o"),"ö","o"),"õ","o"),"ú","u"),"ù","u"),"û","u"),"ü","u"),"ñ","n"),"ç","c")," ","-"),"'",""),".","") | R9: =IF(A9<>"","cards/football/"&C9/"&Q9/standard.png","") | S9: =IF(C9<>"",VLOOKUP(C9,Références!$A$2:$B$9,2,FALSE),"")
Q10: =SUBSTITUTE(SUBSTITUTE(SUBSTITUTE(SUBSTITUTE(SUBSTITUTE(SUBSTITUTE(SUBSTITUTE(SUBSTITUTE(SUBSTITUTE(SUBSTITUTE(SUBSTITUTE(SUBSTITUTE(SUBSTITUTE(SUBSTITUTE(SUBSTITUTE(SUBSTITUTE(SUBSTITUTE(SUBSTITUTE(SUBSTITUTE(SUBSTITUTE(SUBSTITUTE(SUBSTITUTE(SUBSTITUTE(SUBSTITUTE(SUBSTITUTE(SUBSTITUTE(SUBSTITUTE(LOWER(TRIM(A10)),"á","a"),"à","a"),"â","a"),"ä","a"),"ã","a"),"é","e"),"è","e"),"ê","e"),"ë","e"),"í","i"),"ì","i"),"î","i"),"ï","i"),"ó","o"),"ò","o"),"ô","o"),"ö","o"),"õ","o"),"ú","u"),"ù","u"),"û","u"),"ü","u"),"ñ","n"),"ç","c")," ","-"),"'",""),".","") | R10: =IF(A10<>"","cards/football/"&C10/"&Q10/standard.png","") | S10: =IF(C10<>"",VLOOKUP(C10,Références!$A$2:$B$9,2,FALSE),"")
Q11: =SUBSTITUTE(SUBSTITUTE(SUBSTITUTE(SUBSTITUTE(SUBSTITUTE(SUBSTITUTE(SUBSTITUTE(SUBSTITUTE(SUBSTITUTE(SUBSTITUTE(SUBSTITUTE(SUBSTITUTE(SUBSTITUTE(SUBSTITUTE(SUBSTITUTE(SUBSTITUTE(SUBSTITUTE(SUBSTITUTE(SUBSTITUTE(SUBSTITUTE(SUBSTITUTE(SUBSTITUTE(SUBSTITUTE(SUBSTITUTE(SUBSTITUTE(SUBSTITUTE(SUBSTITUTE(LOWER(TRIM(A11)),"á","a"),"à","a"),"â","a"),"ä","a"),"ã","a"),"é","e"),"è","e"),"ê","e"),"ë","e"),"í","i"),"ì","i"),"î","i"),"ï","i"),"ó","o"),"ò","o"),"ô","o"),"ö","o"),"õ","o"),"ú","u"),"ù","u"),"û","u"),"ü","u"),"ñ","n"),"ç","c")," ","-"),"'",""),".","") | R11: =IF(A11<>"","cards/football/"&C11/"&Q11/standard.png","") | S11: =IF(C11<>"",VLOOKUP(C11,Références!$A$2:$B$9,2,FALSE),"")
Q12: =SUBSTITUTE(SUBSTITUTE(SUBSTITUTE(SUBSTITUTE(SUBSTITUTE(SUBSTITUTE(SUBSTITUTE(SUBSTITUTE(SUBSTITUTE(SUBSTITUTE(SUBSTITUTE(SUBSTITUTE(SUBSTITUTE(SUBSTITUTE(SUBSTITUTE(SUBSTITUTE(SUBSTITUTE(SUBSTITUTE(SUBSTITUTE(SUBSTITUTE(SUBSTITUTE(SUBSTITUTE(SUBSTITUTE(SUBSTITUTE(SUBSTITUTE(SUBSTITUTE(SUBSTITUTE(LOWER(TRIM(A12)),"á","a"),"à","a"),"â","a"),"ä","a"),"ã","a"),"é","e"),"è","e"),"ê","e"),"ë","e"),"í","i"),"ì","i"),"î","i"),"ï","i"),"ó","o"),"ò","o"),"ô","o"),"ö","o"),"õ","o"),"ú","u"),"ù","u"),"û","u"),"ü","u"),"ñ","n"),"ç","c")," ","-"),"'",""),".","") | R12: =IF(A12<>"","cards/football/"&C12/"&Q12/standard.png","") | S12: =IF(C12<>"",VLOOKUP(C12,Références!$A$2:$B$9,2,FALSE),"")
Q13: =SUBSTITUTE(SUBSTITUTE(SUBSTITUTE(SUBSTITUTE(SUBSTITUTE(SUBSTITUTE(SUBSTITUTE(SUBSTITUTE(SUBSTITUTE(SUBSTITUTE(SUBSTITUTE(SUBSTITUTE(SUBSTITUTE(SUBSTITUTE(SUBSTITUTE(SUBSTITUTE(SUBSTITUTE(SUBSTITUTE(SUBSTITUTE(SUBSTITUTE(SUBSTITUTE(SUBSTITUTE(SUBSTITUTE(SUBSTITUTE(SUBSTITUTE(SUBSTITUTE(SUBSTITUTE(LOWER(TRIM(A13)),"á","a"),"à","a"),"â","a"),"ä","a"),"ã","a"),"é","e"),"è","e"),"ê","e"),"ë","e"),"í","i"),"ì","i"),"î","i"),"ï","i"),"ó","o"),"ò","o"),"ô","o"),"ö","o"),"õ","o"),"ú","u"),"ù","u"),"û","u"),"ü","u"),"ñ","n"),"ç","c")," ","-"),"'",""),".","") | R13: =IF(A13<>"","cards/football/"&C13/"&Q13/standard.png","") | S13: =IF(C13<>"",VLOOKUP(C13,Références!$A$2:$B$9,2,FALSE),"")
Q14: =SUBSTITUTE(SUBSTITUTE(SUBSTITUTE(SUBSTITUTE(SUBSTITUTE(SUBSTITUTE(SUBSTITUTE(SUBSTITUTE(SUBSTITUTE(SUBSTITUTE(SUBSTITUTE(SUBSTITUTE(SUBSTITUTE(SUBSTITUTE(SUBSTITUTE(SUBSTITUTE(SUBSTITUTE(SUBSTITUTE(SUBSTITUTE(SUBSTITUTE(SUBSTITUTE(SUBSTITUTE(SUBSTITUTE(SUBSTITUTE(SUBSTITUTE(SUBSTITUTE(SUBSTITUTE(LOWER(TRIM(A14)),"á","a"),"à","a"),"â","a"),"ä","a"),"ã","a"),"é","e"),"è","e"),"ê","e"),"ë","e"),"í","i"),"ì","i"),"î","i"),"ï","i"),"ó","o"),"ò","o"),"ô","o"),"ö","o"),"õ","o"),"ú","u"),"ù","u"),"û","u"),"ü","u"),"ñ","n"),"ç","c")," ","-"),"'",""),".","") | R14: =IF(A14<>"","cards/football/"&C14/"&Q14/standard.png","") | S14: =IF(C14<>"",VLOOKUP(C14,Références!$A$2:$B$9,2,FALSE),"")
Q15: =SUBSTITUTE(SUBSTITUTE(SUBSTITUTE(SUBSTITUTE(SUBSTITUTE(SUBSTITUTE(SUBSTITUTE(SUBSTITUTE(SUBSTITUTE(SUBSTITUTE(SUBSTITUTE(SUBSTITUTE(SUBSTITUTE(SUBSTITUTE(SUBSTITUTE(SUBSTITUTE(SUBSTITUTE(SUBSTITUTE(SUBSTITUTE(SUBSTITUTE(SUBSTITUTE(SUBSTITUTE(SUBSTITUTE(SUBSTITUTE(SUBSTITUTE(SUBSTITUTE(SUBSTITUTE(LOWER(TRIM(A15)),"á","a"),"à","a"),"â","a"),"ä","a"),"ã","a"),"é","e"),"è","e"),"ê","e"),"ë","e"),"í","i"),"ì","i"),"î","i"),"ï","i"),"ó","o"),"ò","o"),"ô","o"),"ö","o"),"õ","o"),"ú","u"),"ù","u"),"û","u"),"ü","u"),"ñ","n"),"ç","c")," ","-"),"'",""),".","") | R15: =IF(A15<>"","cards/football/"&C15/"&Q15/standard.png","") | S15: =IF(C15<>"",VLOOKUP(C15,Références!$A$2:$B$9,2,FALSE),"")
Q16: =SUBSTITUTE(SUBSTITUTE(SUBSTITUTE(SUBSTITUTE(SUBSTITUTE(SUBSTITUTE(SUBSTITUTE(SUBSTITUTE(SUBSTITUTE(SUBSTITUTE(SUBSTITUTE(SUBSTITUTE(SUBSTITUTE(SUBSTITUTE(SUBSTITUTE(SUBSTITUTE(SUBSTITUTE(SUBSTITUTE(SUBSTITUTE(SUBSTITUTE(SUBSTITUTE(SUBSTITUTE(SUBSTITUTE(SUBSTITUTE(SUBSTITUTE(SUBSTITUTE(SUBSTITUTE(LOWER(TRIM(A16)),"á","a"),"à","a"),"â","a"),"ä","a"),"ã","a"),"é","e"),"è","e"),"ê","e"),"ë","e"),"í","i"),"ì","i"),"î","i"),"ï","i"),"ó","o"),"ò","o"),"ô","o"),"ö","o"),"õ","o"),"ú","u"),"ù","u"),"û","u"),"ü","u"),"ñ","n"),"ç","c")," ","-"),"'",""),".","") | R16: =IF(A16<>"","cards/football/"&C16/"&Q16/standard.png","") | S16: =IF(C16<>"",VLOOKUP(C16,Références!$A$2:$B$9,2,FALSE),"")
Q17: =SUBSTITUTE(SUBSTITUTE(SUBSTITUTE(SUBSTITUTE(SUBSTITUTE(SUBSTITUTE(SUBSTITUTE(SUBSTITUTE(SUBSTITUTE(SUBSTITUTE(SUBSTITUTE(SUBSTITUTE(SUBSTITUTE(SUBSTITUTE(SUBSTITUTE(SUBSTITUTE(SUBSTITUTE(SUBSTITUTE(SUBSTITUTE(SUBSTITUTE(SUBSTITUTE(SUBSTITUTE(SUBSTITUTE(SUBSTITUTE(SUBSTITUTE(SUBSTITUTE(SUBSTITUTE(LOWER(TRIM(A17)),"á","a"),"à","a"),"â","a"),"ä","a"),"ã","a"),"é","e"),"è","e"),"ê","e"),"ë","e"),"í","i"),"ì","i"),"î","i"),"ï","i"),"ó","o"),"ò","o"),"ô","o"),"ö","o"),"õ","o"),"ú","u"),"ù","u"),"û","u"),"ü","u"),"ñ","n"),"ç","c")," ","-"),"'",""),".","") | R17: =IF(A17<>"","cards/football/"&C17/"&Q17/standard.png","") | S17: =IF(C17<>"",VLOOKUP(C17,Références!$A$2:$B$9,2,FALSE),"")
Q18: =SUBSTITUTE(SUBSTITUTE(SUBSTITUTE(SUBSTITUTE(SUBSTITUTE(SUBSTITUTE(SUBSTITUTE(SUBSTITUTE(SUBSTITUTE(SUBSTITUTE(SUBSTITUTE(SUBSTITUTE(SUBSTITUTE(SUBSTITUTE(SUBSTITUTE(SUBSTITUTE(SUBSTITUTE(SUBSTITUTE(SUBSTITUTE(SUBSTITUTE(SUBSTITUTE(SUBSTITUTE(SUBSTITUTE(SUBSTITUTE(SUBSTITUTE(SUBSTITUTE(SUBSTITUTE(LOWER(TRIM(A18)),"á","a"),"à","a"),"â","a"),"ä","a"),"ã","a"),"é","e"),"è","e"),"ê","e"),"ë","e"),"í","i"),"ì","i"),"î","i"),"ï","i"),"ó","o"),"ò","o"),"ô","o"),"ö","o"),"õ","o"),"ú","u"),"ù","u"),"û","u"),"ü","u"),"ñ","n"),"ç","c")," ","-"),"'",""),".","") | R18: =IF(A18<>"","cards/football/"&C18/"&Q18/standard.png","") | S18: =IF(C18<>"",VLOOKUP(C18,Références!$A$2:$B$9,2,FALSE),"")
Q19: =SUBSTITUTE(SUBSTITUTE(SUBSTITUTE(SUBSTITUTE(SUBSTITUTE(SUBSTITUTE(SUBSTITUTE(SUBSTITUTE(SUBSTITUTE(SUBSTITUTE(SUBSTITUTE(SUBSTITUTE(SUBSTITUTE(SUBSTITUTE(SUBSTITUTE(SUBSTITUTE(SUBSTITUTE(SUBSTITUTE(SUBSTITUTE(SUBSTITUTE(SUBSTITUTE(SUBSTITUTE(SUBSTITUTE(SUBSTITUTE(SUBSTITUTE(SUBSTITUTE(SUBSTITUTE(LOWER(TRIM(A19)),"á","a"),"à","a"),"â","a"),"ä","a"),"ã","a"),"é","e"),"è","e"),"ê","e"),"ë","e"),"í","i"),"ì","i"),"î","i"),"ï","i"),"ó","o"),"ò","o"),"ô","o"),"ö","o"),"õ","o"),"ú","u"),"ù","u"),"û","u"),"ü","u"),"ñ","n"),"ç","c")," ","-"),"'",""),".","") | R19: =IF(A19<>"","cards/football/"&C19/"&Q19/standard.png","") | S19: =IF(C19<>"",VLOOKUP(C19,Références!$A$2:$B$9,2,FALSE),"")
Q20: =SUBSTITUTE(SUBSTITUTE(SUBSTITUTE(SUBSTITUTE(SUBSTITUTE(SUBSTITUTE(SUBSTITUTE(SUBSTITUTE(SUBSTITUTE(SUBSTITUTE(SUBSTITUTE(SUBSTITUTE(SUBSTITUTE(SUBSTITUTE(SUBSTITUTE(SUBSTITUTE(SUBSTITUTE(SUBSTITUTE(SUBSTITUTE(SUBSTITUTE(SUBSTITUTE(SUBSTITUTE(SUBSTITUTE(SUBSTITUTE(SUBSTITUTE(SUBSTITUTE(SUBSTITUTE(LOWER(TRIM(A20)),"á","a"),"à","a"),"â","a"),"ä","a"),"ã","a"),"é","e"),"è","e"),"ê","e"),"ë","e"),"í","i"),"ì","i"),"î","i"),"ï","i"),"ó","o"),"ò","o"),"ô","o"),"ö","o"),"õ","o"),"ú","u"),"ù","u"),"û","u"),"ü","u"),"ñ","n"),"ç","c")," ","-"),"'",""),".","") | R20: =IF(A20<>"","cards/football/"&C20/"&Q20/standard.png","") | S20: =IF(C20<>"",VLOOKUP(C20,Références!$A$2:$B$9,2,FALSE),"")
Q21: =SUBSTITUTE(SUBSTITUTE(SUBSTITUTE(SUBSTITUTE(SUBSTITUTE(SUBSTITUTE(SUBSTITUTE(SUBSTITUTE(SUBSTITUTE(SUBSTITUTE(SUBSTITUTE(SUBSTITUTE(SUBSTITUTE(SUBSTITUTE(SUBSTITUTE(SUBSTITUTE(SUBSTITUTE(SUBSTITUTE(SUBSTITUTE(SUBSTITUTE(SUBSTITUTE(SUBSTITUTE(SUBSTITUTE(SUBSTITUTE(SUBSTITUTE(SUBSTITUTE(SUBSTITUTE(LOWER(TRIM(A21)),"á","a"),"à","a"),"â","a"),"ä","a"),"ã","a"),"é","e"),"è","e"),"ê","e"),"ë","e"),"í","i"),"ì","i"),"î","i"),"ï","i"),"ó","o"),"ò","o"),"ô","o"),"ö","o"),"õ","o"),"ú","u"),"ù","u"),"û","u"),"ü","u"),"ñ","n"),"ç","c")," ","-"),"'",""),".","") | R21: =IF(A21<>"","cards/football/"&C21/"&Q21/standard.png","") | S21: =IF(C21<>"",VLOOKUP(C21,Références!$A$2:$B$9,2,FALSE),"")
Q22: =SUBSTITUTE(SUBSTITUTE(SUBSTITUTE(SUBSTITUTE(SUBSTITUTE(SUBSTITUTE(SUBSTITUTE(SUBSTITUTE(SUBSTITUTE(SUBSTITUTE(SUBSTITUTE(SUBSTITUTE(SUBSTITUTE(SUBSTITUTE(SUBSTITUTE(SUBSTITUTE(SUBSTITUTE(SUBSTITUTE(SUBSTITUTE(SUBSTITUTE(SUBSTITUTE(SUBSTITUTE(SUBSTITUTE(SUBSTITUTE(SUBSTITUTE(SUBSTITUTE(SUBSTITUTE(LOWER(TRIM(A22)),"á","a"),"à","a"),"â","a"),"ä","a"),"ã","a"),"é","e"),"è","e"),"ê","e"),"ë","e"),"í","i"),"ì","i"),"î","i"),"ï","i"),"ó","o"),"ò","o"),"ô","o"),"ö","o"),"õ","o"),"ú","u"),"ù","u"),"û","u"),"ü","u"),"ñ","n"),"ç","c")," ","-"),"'",""),".","") | R22: =IF(A22<>"","cards/football/"&C22/"&Q22/standard.png","") | S22: =IF(C22<>"",VLOOKUP(C22,Références!$A$2:$B$9,2,FALSE),"")
Q23: =SUBSTITUTE(SUBSTITUTE(SUBSTITUTE(SUBSTITUTE(SUBSTITUTE(SUBSTITUTE(SUBSTITUTE(SUBSTITUTE(SUBSTITUTE(SUBSTITUTE(SUBSTITUTE(SUBSTITUTE(SUBSTITUTE(SUBSTITUTE(SUBSTITUTE(SUBSTITUTE(SUBSTITUTE(SUBSTITUTE(SUBSTITUTE(SUBSTITUTE(SUBSTITUTE(SUBSTITUTE(SUBSTITUTE(SUBSTITUTE(SUBSTITUTE(SUBSTITUTE(SUBSTITUTE(LOWER(TRIM(A23)),"á","a"),"à","a"),"â","a"),"ä","a"),"ã","a"),"é","e"),"è","e"),"ê","e"),"ë","e"),"í","i"),"ì","i"),"î","i"),"ï","i"),"ó","o"),"ò","o"),"ô","o"),"ö","o"),"õ","o"),"ú","u"),"ù","u"),"û","u"),"ü","u"),"ñ","n"),"ç","c")," ","-"),"'",""),".","") | R23: =IF(A23<>"","cards/football/"&C23/"&Q23/standard.png","") | S23: =IF(C23<>"",VLOOKUP(C23,Références!$A$2:$B$9,2,FALSE),"")
Q24: =SUBSTITUTE(SUBSTITUTE(SUBSTITUTE(SUBSTITUTE(SUBSTITUTE(SUBSTITUTE(SUBSTITUTE(SUBSTITUTE(SUBSTITUTE(SUBSTITUTE(SUBSTITUTE(SUBSTITUTE(SUBSTITUTE(SUBSTITUTE(SUBSTITUTE(SUBSTITUTE(SUBSTITUTE(SUBSTITUTE(SUBSTITUTE(SUBSTITUTE(SUBSTITUTE(SUBSTITUTE(SUBSTITUTE(SUBSTITUTE(SUBSTITUTE(SUBSTITUTE(SUBSTITUTE(LOWER(TRIM(A24)),"á","a"),"à","a"),"â","a"),"ä","a"),"ã","a"),"é","e"),"è","e"),"ê","e"),"ë","e"),"í","i"),"ì","i"),"î","i"),"ï","i"),"ó","o"),"ò","o"),"ô","o"),"ö","o"),"õ","o"),"ú","u"),"ù","u"),"û","u"),"ü","u"),"ñ","n"),"ç","c")," ","-"),"'",""),".","") | R24: =IF(A24<>"","cards/football/"&C24/"&Q24/standard.png","") | S24: =IF(C24<>"",VLOOKUP(C24,Références!$A$2:$B$9,2,FALSE),"")
Q25: =SUBSTITUTE(SUBSTITUTE(SUBSTITUTE(SUBSTITUTE(SUBSTITUTE(SUBSTITUTE(SUBSTITUTE(SUBSTITUTE(SUBSTITUTE(SUBSTITUTE(SUBSTITUTE(SUBSTITUTE(SUBSTITUTE(SUBSTITUTE(SUBSTITUTE(SUBSTITUTE(SUBSTITUTE(SUBSTITUTE(SUBSTITUTE(SUBSTITUTE(SUBSTITUTE(SUBSTITUTE(SUBSTITUTE(SUBSTITUTE(SUBSTITUTE(SUBSTITUTE(SUBSTITUTE(LOWER(TRIM(A25)),"á","a"),"à","a"),"â","a"),"ä","a"),"ã","a"),"é","e"),"è","e"),"ê","e"),"ë","e"),"í","i"),"ì","i"),"î","i"),"ï","i"),"ó","o"),"ò","o"),"ô","o"),"ö","o"),"õ","o"),"ú","u"),"ù","u"),"û","u"),"ü","u"),"ñ","n"),"ç","c")," ","-"),"'",""),".","") | R25: =IF(A25<>"","cards/football/"&C25/"&Q25/standard.png","") | S25: =IF(C25<>"",VLOOKUP(C25,Références!$A$2:$B$9,2,FALSE),"")
Q26: =SUBSTITUTE(SUBSTITUTE(SUBSTITUTE(SUBSTITUTE(SUBSTITUTE(SUBSTITUTE(SUBSTITUTE(SUBSTITUTE(SUBSTITUTE(SUBSTITUTE(SUBSTITUTE(SUBSTITUTE(SUBSTITUTE(SUBSTITUTE(SUBSTITUTE(SUBSTITUTE(SUBSTITUTE(SUBSTITUTE(SUBSTITUTE(SUBSTITUTE(SUBSTITUTE(SUBSTITUTE(SUBSTITUTE(SUBSTITUTE(SUBSTITUTE(SUBSTITUTE(SUBSTITUTE(LOWER(TRIM(A26)),"á","a"),"à","a"),"â","a"),"ä","a"),"ã","a"),"é","e"),"è","e"),"ê","e"),"ë","e"),"í","i"),"ì","i"),"î","i"),"ï","i"),"ó","o"),"ò","o"),"ô","o"),"ö","o"),"õ","o"),"ú","u"),"ù","u"),"û","u"),"ü","u"),"ñ","n"),"ç","c")," ","-"),"'",""),".","") | R26: =IF(A26<>"","cards/football/"&C26/"&Q26/standard.png","") | S26: =IF(C26<>"",VLOOKUP(C26,Références!$A$2:$B$9,2,FALSE),"")
Q27: =SUBSTITUTE(SUBSTITUTE(SUBSTITUTE(SUBSTITUTE(SUBSTITUTE(SUBSTITUTE(SUBSTITUTE(SUBSTITUTE(SUBSTITUTE(SUBSTITUTE(SUBSTITUTE(SUBSTITUTE(SUBSTITUTE(SUBSTITUTE(SUBSTITUTE(SUBSTITUTE(SUBSTITUTE(SUBSTITUTE(SUBSTITUTE(SUBSTITUTE(SUBSTITUTE(SUBSTITUTE(SUBSTITUTE(SUBSTITUTE(SUBSTITUTE(SUBSTITUTE(SUBSTITUTE(LOWER(TRIM(A27)),"á","a"),"à","a"),"â","a"),"ä","a"),"ã","a"),"é","e"),"è","e"),"ê","e"),"ë","e"),"í","i"),"ì","i"),"î","i"),"ï","i"),"ó","o"),"ò","o"),"ô","o"),"ö","o"),"õ","o"),"ú","u"),"ù","u"),"û","u"),"ü","u"),"ñ","n"),"ç","c")," ","-"),"'",""),".","") | R27: =IF(A27<>"","cards/football/"&C27/"&Q27/standard.png","") | S27: =IF(C27<>"",VLOOKUP(C27,Références!$A$2:$B$9,2,FALSE),"")
Q28: =SUBSTITUTE(SUBSTITUTE(SUBSTITUTE(SUBSTITUTE(SUBSTITUTE(SUBSTITUTE(SUBSTITUTE(SUBSTITUTE(SUBSTITUTE(SUBSTITUTE(SUBSTITUTE(SUBSTITUTE(SUBSTITUTE(SUBSTITUTE(SUBSTITUTE(SUBSTITUTE(SUBSTITUTE(SUBSTITUTE(SUBSTITUTE(SUBSTITUTE(SUBSTITUTE(SUBSTITUTE(SUBSTITUTE(SUBSTITUTE(SUBSTITUTE(SUBSTITUTE(SUBSTITUTE(LOWER(TRIM(A28)),"á","a"),"à","a"),"â","a"),"ä","a"),"ã","a"),"é","e"),"è","e"),"ê","e"),"ë","e"),"í","i"),"ì","i"),"î","i"),"ï","i"),"ó","o"),"ò","o"),"ô","o"),"ö","o"),"õ","o"),"ú","u"),"ù","u"),"û","u"),"ü","u"),"ñ","n"),"ç","c")," ","-"),"'",""),".","") | R28: =IF(A28<>"","cards/football/"&C28/"&Q28/standard.png","") | S28: =IF(C28<>"",VLOOKUP(C28,Références!$A$2:$B$9,2,FALSE),"")
Q29: =SUBSTITUTE(SUBSTITUTE(SUBSTITUTE(SUBSTITUTE(SUBSTITUTE(SUBSTITUTE(SUBSTITUTE(SUBSTITUTE(SUBSTITUTE(SUBSTITUTE(SUBSTITUTE(SUBSTITUTE(SUBSTITUTE(SUBSTITUTE(SUBSTITUTE(SUBSTITUTE(SUBSTITUTE(SUBSTITUTE(SUBSTITUTE(SUBSTITUTE(SUBSTITUTE(SUBSTITUTE(SUBSTITUTE(SUBSTITUTE(SUBSTITUTE(SUBSTITUTE(SUBSTITUTE(LOWER(TRIM(A29)),"á","a"),"à","a"),"â","a"),"ä","a"),"ã","a"),"é","e"),"è","e"),"ê","e"),"ë","e"),"í","i"),"ì","i"),"î","i"),"ï","i"),"ó","o"),"ò","o"),"ô","o"),"ö","o"),"õ","o"),"ú","u"),"ù","u"),"û","u"),"ü","u"),"ñ","n"),"ç","c")," ","-"),"'",""),".","") | R29: =IF(A29<>"","cards/football/"&C29/"&Q29/standard.png","") | S29: =IF(C29<>"",VLOOKUP(C29,Références!$A$2:$B$9,2,FALSE),"")
Q30: =SUBSTITUTE(SUBSTITUTE(SUBSTITUTE(SUBSTITUTE(SUBSTITUTE(SUBSTITUTE(SUBSTITUTE(SUBSTITUTE(SUBSTITUTE(SUBSTITUTE(SUBSTITUTE(SUBSTITUTE(SUBSTITUTE(SUBSTITUTE(SUBSTITUTE(SUBSTITUTE(SUBSTITUTE(SUBSTITUTE(SUBSTITUTE(SUBSTITUTE(SUBSTITUTE(SUBSTITUTE(SUBSTITUTE(SUBSTITUTE(SUBSTITUTE(SUBSTITUTE(SUBSTITUTE(LOWER(TRIM(A30)),"á","a"),"à","a"),"â","a"),"ä","a"),"ã","a"),"é","e"),"è","e"),"ê","e"),"ë","e"),"í","i"),"ì","i"),"î","i"),"ï","i"),"ó","o"),"ò","o"),"ô","o"),"ö","o"),"õ","o"),"ú","u"),"ù","u"),"û","u"),"ü","u"),"ñ","n"),"ç","c")," ","-"),"'",""),".","") | R30: =IF(A30<>"","cards/football/"&C30/"&Q30/standard.png","") | S30: =IF(C30<>"",VLOOKUP(C30,Références!$A$2:$B$9,2,FALSE),"")
Q31: =SUBSTITUTE(SUBSTITUTE(SUBSTITUTE(SUBSTITUTE(SUBSTITUTE(SUBSTITUTE(SUBSTITUTE(SUBSTITUTE(SUBSTITUTE(SUBSTITUTE(SUBSTITUTE(SUBSTITUTE(SUBSTITUTE(SUBSTITUTE(SUBSTITUTE(SUBSTITUTE(SUBSTITUTE(SUBSTITUTE(SUBSTITUTE(SUBSTITUTE(SUBSTITUTE(SUBSTITUTE(SUBSTITUTE(SUBSTITUTE(SUBSTITUTE(SUBSTITUTE(SUBSTITUTE(LOWER(TRIM(A31)),"á","a"),"à","a"),"â","a"),"ä","a"),"ã","a"),"é","e"),"è","e"),"ê","e"),"ë","e"),"í","i"),"ì","i"),"î","i"),"ï","i"),"ó","o"),"ò","o"),"ô","o"),"ö","o"),"õ","o"),"ú","u"),"ù","u"),"û","u"),"ü","u"),"ñ","n"),"ç","c")," ","-"),"'",""),".","") | R31: =IF(A31<>"","cards/football/"&C31/"&Q31/standard.png","") | S31: =IF(C31<>"",VLOOKUP(C31,Références!$A$2:$B$9,2,FALSE),"")
Q32: =SUBSTITUTE(SUBSTITUTE(SUBSTITUTE(SUBSTITUTE(SUBSTITUTE(SUBSTITUTE(SUBSTITUTE(SUBSTITUTE(SUBSTITUTE(SUBSTITUTE(SUBSTITUTE(SUBSTITUTE(SUBSTITUTE(SUBSTITUTE(SUBSTITUTE(SUBSTITUTE(SUBSTITUTE(SUBSTITUTE(SUBSTITUTE(SUBSTITUTE(SUBSTITUTE(SUBSTITUTE(SUBSTITUTE(SUBSTITUTE(SUBSTITUTE(SUBSTITUTE(SUBSTITUTE(LOWER(TRIM(A32)),"á","a"),"à","a"),"â","a"),"ä","a"),"ã","a"),"é","e"),"è","e"),"ê","e"),"ë","e"),"í","i"),"ì","i"),"î","i"),"ï","i"),"ó","o"),"ò","o"),"ô","o"),"ö","o"),"õ","o"),"ú","u"),"ù","u"),"û","u"),"ü","u"),"ñ","n"),"ç","c")," ","-"),"'",""),".","") | R32: =IF(A32<>"","cards/football/"&C32/"&Q32/standard.png","") | S32: =IF(C32<>"",VLOOKUP(C32,Références!$A$2:$B$9,2,FALSE),"")
Q33: =SUBSTITUTE(SUBSTITUTE(SUBSTITUTE(SUBSTITUTE(SUBSTITUTE(SUBSTITUTE(SUBSTITUTE(SUBSTITUTE(SUBSTITUTE(SUBSTITUTE(SUBSTITUTE(SUBSTITUTE(SUBSTITUTE(SUBSTITUTE(SUBSTITUTE(SUBSTITUTE(SUBSTITUTE(SUBSTITUTE(SUBSTITUTE(SUBSTITUTE(SUBSTITUTE(SUBSTITUTE(SUBSTITUTE(SUBSTITUTE(SUBSTITUTE(SUBSTITUTE(SUBSTITUTE(LOWER(TRIM(A33)),"á","a"),"à","a"),"â","a"),"ä","a"),"ã","a"),"é","e"),"è","e"),"ê","e"),"ë","e"),"í","i"),"ì","i"),"î","i"),"ï","i"),"ó","o"),"ò","o"),"ô","o"),"ö","o"),"õ","o"),"ú","u"),"ù","u"),"û","u"),"ü","u"),"ñ","n"),"ç","c")," ","-"),"'",""),".","") | R33: =IF(A33<>"","cards/football/"&C33/"&Q33/standard.png","") | S33: =IF(C33<>"",VLOOKUP(C33,Références!$A$2:$B$9,2,FALSE),"")
Q34: =SUBSTITUTE(SUBSTITUTE(SUBSTITUTE(SUBSTITUTE(SUBSTITUTE(SUBSTITUTE(SUBSTITUTE(SUBSTITUTE(SUBSTITUTE(SUBSTITUTE(SUBSTITUTE(SUBSTITUTE(SUBSTITUTE(SUBSTITUTE(SUBSTITUTE(SUBSTITUTE(SUBSTITUTE(SUBSTITUTE(SUBSTITUTE(SUBSTITUTE(SUBSTITUTE(SUBSTITUTE(SUBSTITUTE(SUBSTITUTE(SUBSTITUTE(SUBSTITUTE(SUBSTITUTE(LOWER(TRIM(A34)),"á","a"),"à","a"),"â","a"),"ä","a"),"ã","a"),"é","e"),"è","e"),"ê","e"),"ë","e"),"í","i"),"ì","i"),"î","i"),"ï","i"),"ó","o"),"ò","o"),"ô","o"),"ö","o"),"õ","o"),"ú","u"),"ù","u"),"û","u"),"ü","u"),"ñ","n"),"ç","c")," ","-"),"'",""),".","") | R34: =IF(A34<>"","cards/football/"&C34/"&Q34/standard.png","") | S34: =IF(C34<>"",VLOOKUP(C34,Références!$A$2:$B$9,2,FALSE),"")
Q35: =SUBSTITUTE(SUBSTITUTE(SUBSTITUTE(SUBSTITUTE(SUBSTITUTE(SUBSTITUTE(SUBSTITUTE(SUBSTITUTE(SUBSTITUTE(SUBSTITUTE(SUBSTITUTE(SUBSTITUTE(SUBSTITUTE(SUBSTITUTE(SUBSTITUTE(SUBSTITUTE(SUBSTITUTE(SUBSTITUTE(SUBSTITUTE(SUBSTITUTE(SUBSTITUTE(SUBSTITUTE(SUBSTITUTE(SUBSTITUTE(SUBSTITUTE(SUBSTITUTE(SUBSTITUTE(LOWER(TRIM(A35)),"á","a"),"à","a"),"â","a"),"ä","a"),"ã","a"),"é","e"),"è","e"),"ê","e"),"ë","e"),"í","i"),"ì","i"),"î","i"),"ï","i"),"ó","o"),"ò","o"),"ô","o"),"ö","o"),"õ","o"),"ú","u"),"ù","u"),"û","u"),"ü","u"),"ñ","n"),"ç","c")," ","-"),"'",""),".","") | R35: =IF(A35<>"","cards/football/"&C35/"&Q35/standard.png","") | S35: =IF(C35<>"",VLOOKUP(C35,Références!$A$2:$B$9,2,FALSE),"")
Q36: =SUBSTITUTE(SUBSTITUTE(SUBSTITUTE(SUBSTITUTE(SUBSTITUTE(SUBSTITUTE(SUBSTITUTE(SUBSTITUTE(SUBSTITUTE(SUBSTITUTE(SUBSTITUTE(SUBSTITUTE(SUBSTITUTE(SUBSTITUTE(SUBSTITUTE(SUBSTITUTE(SUBSTITUTE(SUBSTITUTE(SUBSTITUTE(SUBSTITUTE(SUBSTITUTE(SUBSTITUTE(SUBSTITUTE(SUBSTITUTE(SUBSTITUTE(SUBSTITUTE(SUBSTITUTE(LOWER(TRIM(A36)),"á","a"),"à","a"),"â","a"),"ä","a"),"ã","a"),"é","e"),"è","e"),"ê","e"),"ë","e"),"í","i"),"ì","i"),"î","i"),"ï","i"),"ó","o"),"ò","o"),"ô","o"),"ö","o"),"õ","o"),"ú","u"),"ù","u"),"û","u"),"ü","u"),"ñ","n"),"ç","c")," ","-"),"'",""),".","") | R36: =IF(A36<>"","cards/football/"&C36/"&Q36/standard.png","") | S36: =IF(C36<>"",VLOOKUP(C36,Références!$A$2:$B$9,2,FALSE),"")
Q37: =SUBSTITUTE(SUBSTITUTE(SUBSTITUTE(SUBSTITUTE(SUBSTITUTE(SUBSTITUTE(SUBSTITUTE(SUBSTITUTE(SUBSTITUTE(SUBSTITUTE(SUBSTITUTE(SUBSTITUTE(SUBSTITUTE(SUBSTITUTE(SUBSTITUTE(SUBSTITUTE(SUBSTITUTE(SUBSTITUTE(SUBSTITUTE(SUBSTITUTE(SUBSTITUTE(SUBSTITUTE(SUBSTITUTE(SUBSTITUTE(SUBSTITUTE(SUBSTITUTE(SUBSTITUTE(LOWER(TRIM(A37)),"á","a"),"à","a"),"â","a"),"ä","a"),"ã","a"),"é","e"),"è","e"),"ê","e"),"ë","e"),"í","i"),"ì","i"),"î","i"),"ï","i"),"ó","o"),"ò","o"),"ô","o"),"ö","o"),"õ","o"),"ú","u"),"ù","u"),"û","u"),"ü","u"),"ñ","n"),"ç","c")," ","-"),"'",""),".","") | R37: =IF(A37<>"","cards/football/"&C37/"&Q37/standard.png","") | S37: =IF(C37<>"",VLOOKUP(C37,Références!$A$2:$B$9,2,FALSE),"")
Q38: =SUBSTITUTE(SUBSTITUTE(SUBSTITUTE(SUBSTITUTE(SUBSTITUTE(SUBSTITUTE(SUBSTITUTE(SUBSTITUTE(SUBSTITUTE(SUBSTITUTE(SUBSTITUTE(SUBSTITUTE(SUBSTITUTE(SUBSTITUTE(SUBSTITUTE(SUBSTITUTE(SUBSTITUTE(SUBSTITUTE(SUBSTITUTE(SUBSTITUTE(SUBSTITUTE(SUBSTITUTE(SUBSTITUTE(SUBSTITUTE(SUBSTITUTE(SUBSTITUTE(SUBSTITUTE(LOWER(TRIM(A38)),"á","a"),"à","a"),"â","a"),"ä","a"),"ã","a"),"é","e"),"è","e"),"ê","e"),"ë","e"),"í","i"),"ì","i"),"î","i"),"ï","i"),"ó","o"),"ò","o"),"ô","o"),"ö","o"),"õ","o"),"ú","u"),"ù","u"),"û","u"),"ü","u"),"ñ","n"),"ç","c")," ","-"),"'",""),".","") | R38: =IF(A38<>"","cards/football/"&C38/"&Q38/standard.png","") | S38: =IF(C38<>"",VLOOKUP(C38,Références!$A$2:$B$9,2,FALSE),"")
Q39: =SUBSTITUTE(SUBSTITUTE(SUBSTITUTE(SUBSTITUTE(SUBSTITUTE(SUBSTITUTE(SUBSTITUTE(SUBSTITUTE(SUBSTITUTE(SUBSTITUTE(SUBSTITUTE(SUBSTITUTE(SUBSTITUTE(SUBSTITUTE(SUBSTITUTE(SUBSTITUTE(SUBSTITUTE(SUBSTITUTE(SUBSTITUTE(SUBSTITUTE(SUBSTITUTE(SUBSTITUTE(SUBSTITUTE(SUBSTITUTE(SUBSTITUTE(SUBSTITUTE(SUBSTITUTE(LOWER(TRIM(A39)),"á","a"),"à","a"),"â","a"),"ä","a"),"ã","a"),"é","e"),"è","e"),"ê","e"),"ë","e"),"í","i"),"ì","i"),"î","i"),"ï","i"),"ó","o"),"ò","o"),"ô","o"),"ö","o"),"õ","o"),"ú","u"),"ù","u"),"û","u"),"ü","u"),"ñ","n"),"ç","c")," ","-"),"'",""),".","") | R39: =IF(A39<>"","cards/football/"&C39/"&Q39/standard.png","") | S39: =IF(C39<>"",VLOOKUP(C39,Références!$A$2:$B$9,2,FALSE),"")
Q40: =SUBSTITUTE(SUBSTITUTE(SUBSTITUTE(SUBSTITUTE(SUBSTITUTE(SUBSTITUTE(SUBSTITUTE(SUBSTITUTE(SUBSTITUTE(SUBSTITUTE(SUBSTITUTE(SUBSTITUTE(SUBSTITUTE(SUBSTITUTE(SUBSTITUTE(SUBSTITUTE(SUBSTITUTE(SUBSTITUTE(SUBSTITUTE(SUBSTITUTE(SUBSTITUTE(SUBSTITUTE(SUBSTITUTE(SUBSTITUTE(SUBSTITUTE(SUBSTITUTE(SUBSTITUTE(LOWER(TRIM(A40)),"á","a"),"à","a"),"â","a"),"ä","a"),"ã","a"),"é","e"),"è","e"),"ê","e"),"ë","e"),"í","i"),"ì","i"),"î","i"),"ï","i"),"ó","o"),"ò","o"),"ô","o"),"ö","o"),"õ","o"),"ú","u"),"ù","u"),"û","u"),"ü","u"),"ñ","n"),"ç","c")," ","-"),"'",""),".","") | R40: =IF(A40<>"","cards/football/"&C40/"&Q40/standard.png","") | S40: =IF(C40<>"",VLOOKUP(C40,Références!$A$2:$B$9,2,FALSE),"")
Q41: =SUBSTITUTE(SUBSTITUTE(SUBSTITUTE(SUBSTITUTE(SUBSTITUTE(SUBSTITUTE(SUBSTITUTE(SUBSTITUTE(SUBSTITUTE(SUBSTITUTE(SUBSTITUTE(SUBSTITUTE(SUBSTITUTE(SUBSTITUTE(SUBSTITUTE(SUBSTITUTE(SUBSTITUTE(SUBSTITUTE(SUBSTITUTE(SUBSTITUTE(SUBSTITUTE(SUBSTITUTE(SUBSTITUTE(SUBSTITUTE(SUBSTITUTE(SUBSTITUTE(SUBSTITUTE(LOWER(TRIM(A41)),"á","a"),"à","a"),"â","a"),"ä","a"),"ã","a"),"é","e"),"è","e"),"ê","e"),"ë","e"),"í","i"),"ì","i"),"î","i"),"ï","i"),"ó","o"),"ò","o"),"ô","o"),"ö","o"),"õ","o"),"ú","u"),"ù","u"),"û","u"),"ü","u"),"ñ","n"),"ç","c")," ","-"),"'",""),".","") | R41: =IF(A41<>"","cards/football/"&C41/"&Q41/standard.png","") | S41: =IF(C41<>"",VLOOKUP(C41,Références!$A$2:$B$9,2,FALSE),"")
Q42: =SUBSTITUTE(SUBSTITUTE(SUBSTITUTE(SUBSTITUTE(SUBSTITUTE(SUBSTITUTE(SUBSTITUTE(SUBSTITUTE(SUBSTITUTE(SUBSTITUTE(SUBSTITUTE(SUBSTITUTE(SUBSTITUTE(SUBSTITUTE(SUBSTITUTE(SUBSTITUTE(SUBSTITUTE(SUBSTITUTE(SUBSTITUTE(SUBSTITUTE(SUBSTITUTE(SUBSTITUTE(SUBSTITUTE(SUBSTITUTE(SUBSTITUTE(SUBSTITUTE(SUBSTITUTE(LOWER(TRIM(A42)),"á","a"),"à","a"),"â","a"),"ä","a"),"ã","a"),"é","e"),"è","e"),"ê","e"),"ë","e"),"í","i"),"ì","i"),"î","i"),"ï","i"),"ó","o"),"ò","o"),"ô","o"),"ö","o"),"õ","o"),"ú","u"),"ù","u"),"û","u"),"ü","u"),"ñ","n"),"ç","c")," ","-"),"'",""),".","") | R42: =IF(A42<>"","cards/football/"&C42/"&Q42/standard.png","") | S42: =IF(C42<>"",VLOOKUP(C42,Références!$A$2:$B$9,2,FALSE),"")
Q43: =SUBSTITUTE(SUBSTITUTE(SUBSTITUTE(SUBSTITUTE(SUBSTITUTE(SUBSTITUTE(SUBSTITUTE(SUBSTITUTE(SUBSTITUTE(SUBSTITUTE(SUBSTITUTE(SUBSTITUTE(SUBSTITUTE(SUBSTITUTE(SUBSTITUTE(SUBSTITUTE(SUBSTITUTE(SUBSTITUTE(SUBSTITUTE(SUBSTITUTE(SUBSTITUTE(SUBSTITUTE(SUBSTITUTE(SUBSTITUTE(SUBSTITUTE(SUBSTITUTE(SUBSTITUTE(LOWER(TRIM(A43)),"á","a"),"à","a"),"â","a"),"ä","a"),"ã","a"),"é","e"),"è","e"),"ê","e"),"ë","e"),"í","i"),"ì","i"),"î","i"),"ï","i"),"ó","o"),"ò","o"),"ô","o"),"ö","o"),"õ","o"),"ú","u"),"ù","u"),"û","u"),"ü","u"),"ñ","n"),"ç","c")," ","-"),"'",""),".","") | R43: =IF(A43<>"","cards/football/"&C43/"&Q43/standard.png","") | S43: =IF(C43<>"",VLOOKUP(C43,Références!$A$2:$B$9,2,FALSE),"")
Q44: =SUBSTITUTE(SUBSTITUTE(SUBSTITUTE(SUBSTITUTE(SUBSTITUTE(SUBSTITUTE(SUBSTITUTE(SUBSTITUTE(SUBSTITUTE(SUBSTITUTE(SUBSTITUTE(SUBSTITUTE(SUBSTITUTE(SUBSTITUTE(SUBSTITUTE(SUBSTITUTE(SUBSTITUTE(SUBSTITUTE(SUBSTITUTE(SUBSTITUTE(SUBSTITUTE(SUBSTITUTE(SUBSTITUTE(SUBSTITUTE(SUBSTITUTE(SUBSTITUTE(SUBSTITUTE(LOWER(TRIM(A44)),"á","a"),"à","a"),"â","a"),"ä","a"),"ã","a"),"é","e"),"è","e"),"ê","e"),"ë","e"),"í","i"),"ì","i"),"î","i"),"ï","i"),"ó","o"),"ò","o"),"ô","o"),"ö","o"),"õ","o"),"ú","u"),"ù","u"),"û","u"),"ü","u"),"ñ","n"),"ç","c")," ","-"),"'",""),".","") | R44: =IF(A44<>"","cards/football/"&C44/"&Q44/standard.png","") | S44: =IF(C44<>"",VLOOKUP(C44,Références!$A$2:$B$9,2,FALSE),"")
Q45: =SUBSTITUTE(SUBSTITUTE(SUBSTITUTE(SUBSTITUTE(SUBSTITUTE(SUBSTITUTE(SUBSTITUTE(SUBSTITUTE(SUBSTITUTE(SUBSTITUTE(SUBSTITUTE(SUBSTITUTE(SUBSTITUTE(SUBSTITUTE(SUBSTITUTE(SUBSTITUTE(SUBSTITUTE(SUBSTITUTE(SUBSTITUTE(SUBSTITUTE(SUBSTITUTE(SUBSTITUTE(SUBSTITUTE(SUBSTITUTE(SUBSTITUTE(SUBSTITUTE(SUBSTITUTE(LOWER(TRIM(A45)),"á","a"),"à","a"),"â","a"),"ä","a"),"ã","a"),"é","e"),"è","e"),"ê","e"),"ë","e"),"í","i"),"ì","i"),"î","i"),"ï","i"),"ó","o"),"ò","o"),"ô","o"),"ö","o"),"õ","o"),"ú","u"),"ù","u"),"û","u"),"ü","u"),"ñ","n"),"ç","c")," ","-"),"'",""),".","") | R45: =IF(A45<>"","cards/football/"&C45/"&Q45/standard.png","") | S45: =IF(C45<>"",VLOOKUP(C45,Références!$A$2:$B$9,2,FALSE),"")
Q46: =SUBSTITUTE(SUBSTITUTE(SUBSTITUTE(SUBSTITUTE(SUBSTITUTE(SUBSTITUTE(SUBSTITUTE(SUBSTITUTE(SUBSTITUTE(SUBSTITUTE(SUBSTITUTE(SUBSTITUTE(SUBSTITUTE(SUBSTITUTE(SUBSTITUTE(SUBSTITUTE(SUBSTITUTE(SUBSTITUTE(SUBSTITUTE(SUBSTITUTE(SUBSTITUTE(SUBSTITUTE(SUBSTITUTE(SUBSTITUTE(SUBSTITUTE(SUBSTITUTE(SUBSTITUTE(LOWER(TRIM(A46)),"á","a"),"à","a"),"â","a"),"ä","a"),"ã","a"),"é","e"),"è","e"),"ê","e"),"ë","e"),"í","i"),"ì","i"),"î","i"),"ï","i"),"ó","o"),"ò","o"),"ô","o"),"ö","o"),"õ","o"),"ú","u"),"ù","u"),"û","u"),"ü","u"),"ñ","n"),"ç","c")," ","-"),"'",""),".","") | R46: =IF(A46<>"","cards/football/"&C46/"&Q46/standard.png","") | S46: =IF(C46<>"",VLOOKUP(C46,Références!$A$2:$B$9,2,FALSE),"")
Q47: =SUBSTITUTE(SUBSTITUTE(SUBSTITUTE(SUBSTITUTE(SUBSTITUTE(SUBSTITUTE(SUBSTITUTE(SUBSTITUTE(SUBSTITUTE(SUBSTITUTE(SUBSTITUTE(SUBSTITUTE(SUBSTITUTE(SUBSTITUTE(SUBSTITUTE(SUBSTITUTE(SUBSTITUTE(SUBSTITUTE(SUBSTITUTE(SUBSTITUTE(SUBSTITUTE(SUBSTITUTE(SUBSTITUTE(SUBSTITUTE(SUBSTITUTE(SUBSTITUTE(SUBSTITUTE(LOWER(TRIM(A47)),"á","a"),"à","a"),"â","a"),"ä","a"),"ã","a"),"é","e"),"è","e"),"ê","e"),"ë","e"),"í","i"),"ì","i"),"î","i"),"ï","i"),"ó","o"),"ò","o"),"ô","o"),"ö","o"),"õ","o"),"ú","u"),"ù","u"),"û","u"),"ü","u"),"ñ","n"),"ç","c")," ","-"),"'",""),".","") | R47: =IF(A47<>"","cards/football/"&C47/"&Q47/standard.png","") | S47: =IF(C47<>"",VLOOKUP(C47,Références!$A$2:$B$9,2,FALSE),"")
Q48: =SUBSTITUTE(SUBSTITUTE(SUBSTITUTE(SUBSTITUTE(SUBSTITUTE(SUBSTITUTE(SUBSTITUTE(SUBSTITUTE(SUBSTITUTE(SUBSTITUTE(SUBSTITUTE(SUBSTITUTE(SUBSTITUTE(SUBSTITUTE(SUBSTITUTE(SUBSTITUTE(SUBSTITUTE(SUBSTITUTE(SUBSTITUTE(SUBSTITUTE(SUBSTITUTE(SUBSTITUTE(SUBSTITUTE(SUBSTITUTE(SUBSTITUTE(SUBSTITUTE(SUBSTITUTE(LOWER(TRIM(A48)),"á","a"),"à","a"),"â","a"),"ä","a"),"ã","a"),"é","e"),"è","e"),"ê","e"),"ë","e"),"í","i"),"ì","i"),"î","i"),"ï","i"),"ó","o"),"ò","o"),"ô","o"),"ö","o"),"õ","o"),"ú","u"),"ù","u"),"û","u"),"ü","u"),"ñ","n"),"ç","c")," ","-"),"'",""),".","") | R48: =IF(A48<>"","cards/football/"&C48/"&Q48/standard.png","") | S48: =IF(C48<>"",VLOOKUP(C48,Références!$A$2:$B$9,2,FALSE),"")
Q49: =SUBSTITUTE(SUBSTITUTE(SUBSTITUTE(SUBSTITUTE(SUBSTITUTE(SUBSTITUTE(SUBSTITUTE(SUBSTITUTE(SUBSTITUTE(SUBSTITUTE(SUBSTITUTE(SUBSTITUTE(SUBSTITUTE(SUBSTITUTE(SUBSTITUTE(SUBSTITUTE(SUBSTITUTE(SUBSTITUTE(SUBSTITUTE(SUBSTITUTE(SUBSTITUTE(SUBSTITUTE(SUBSTITUTE(SUBSTITUTE(SUBSTITUTE(SUBSTITUTE(SUBSTITUTE(LOWER(TRIM(A49)),"á","a"),"à","a"),"â","a"),"ä","a"),"ã","a"),"é","e"),"è","e"),"ê","e"),"ë","e"),"í","i"),"ì","i"),"î","i"),"ï","i"),"ó","o"),"ò","o"),"ô","o"),"ö","o"),"õ","o"),"ú","u"),"ù","u"),"û","u"),"ü","u"),"ñ","n"),"ç","c")," ","-"),"'",""),".","") | R49: =IF(A49<>"","cards/football/"&C49/"&Q49/standard.png","") | S49: =IF(C49<>"",VLOOKUP(C49,Références!$A$2:$B$9,2,FALSE),"")
Q50: =SUBSTITUTE(SUBSTITUTE(SUBSTITUTE(SUBSTITUTE(SUBSTITUTE(SUBSTITUTE(SUBSTITUTE(SUBSTITUTE(SUBSTITUTE(SUBSTITUTE(SUBSTITUTE(SUBSTITUTE(SUBSTITUTE(SUBSTITUTE(SUBSTITUTE(SUBSTITUTE(SUBSTITUTE(SUBSTITUTE(SUBSTITUTE(SUBSTITUTE(SUBSTITUTE(SUBSTITUTE(SUBSTITUTE(SUBSTITUTE(SUBSTITUTE(SUBSTITUTE(SUBSTITUTE(LOWER(TRIM(A50)),"á","a"),"à","a"),"â","a"),"ä","a"),"ã","a"),"é","e"),"è","e"),"ê","e"),"ë","e"),"í","i"),"ì","i"),"î","i"),"ï","i"),"ó","o"),"ò","o"),"ô","o"),"ö","o"),"õ","o"),"ú","u"),"ù","u"),"û","u"),"ü","u"),"ñ","n"),"ç","c")," ","-"),"'",""),".","") | R50: =IF(A50<>"","cards/football/"&C50/"&Q50/standard.png","") | S50: =IF(C50<>"",VLOOKUP(C50,Références!$A$2:$B$9,2,FALSE),"")
Q51: =SUBSTITUTE(SUBSTITUTE(SUBSTITUTE(SUBSTITUTE(SUBSTITUTE(SUBSTITUTE(SUBSTITUTE(SUBSTITUTE(SUBSTITUTE(SUBSTITUTE(SUBSTITUTE(SUBSTITUTE(SUBSTITUTE(SUBSTITUTE(SUBSTITUTE(SUBSTITUTE(SUBSTITUTE(SUBSTITUTE(SUBSTITUTE(SUBSTITUTE(SUBSTITUTE(SUBSTITUTE(SUBSTITUTE(SUBSTITUTE(SUBSTITUTE(SUBSTITUTE(SUBSTITUTE(LOWER(TRIM(A51)),"á","a"),"à","a"),"â","a"),"ä","a"),"ã","a"),"é","e"),"è","e"),"ê","e"),"ë","e"),"í","i"),"ì","i"),"î","i"),"ï","i"),"ó","o"),"ò","o"),"ô","o"),"ö","o"),"õ","o"),"ú","u"),"ù","u"),"û","u"),"ü","u"),"ñ","n"),"ç","c")," ","-"),"'",""),".","") | R51: =IF(A51<>"","cards/football/"&C51/"&Q51/standard.png","") | S51: =IF(C51<>"",VLOOKUP(C51,Références!$A$2:$B$9,2,FALSE),"")
Q52: =SUBSTITUTE(SUBSTITUTE(SUBSTITUTE(SUBSTITUTE(SUBSTITUTE(SUBSTITUTE(SUBSTITUTE(SUBSTITUTE(SUBSTITUTE(SUBSTITUTE(SUBSTITUTE(SUBSTITUTE(SUBSTITUTE(SUBSTITUTE(SUBSTITUTE(SUBSTITUTE(SUBSTITUTE(SUBSTITUTE(SUBSTITUTE(SUBSTITUTE(SUBSTITUTE(SUBSTITUTE(SUBSTITUTE(SUBSTITUTE(SUBSTITUTE(SUBSTITUTE(SUBSTITUTE(LOWER(TRIM(A52)),"á","a"),"à","a"),"â","a"),"ä","a"),"ã","a"),"é","e"),"è","e"),"ê","e"),"ë","e"),"í","i"),"ì","i"),"î","i"),"ï","i"),"ó","o"),"ò","o"),"ô","o"),"ö","o"),"õ","o"),"ú","u"),"ù","u"),"û","u"),"ü","u"),"ñ","n"),"ç","c")," ","-"),"'",""),".","") | R52: =IF(A52<>"","cards/football/"&C52/"&Q52/standard.png","") | S52: =IF(C52<>"",VLOOKUP(C52,Références!$A$2:$B$9,2,FALSE),"")
Q53: =SUBSTITUTE(SUBSTITUTE(SUBSTITUTE(SUBSTITUTE(SUBSTITUTE(SUBSTITUTE(SUBSTITUTE(SUBSTITUTE(SUBSTITUTE(SUBSTITUTE(SUBSTITUTE(SUBSTITUTE(SUBSTITUTE(SUBSTITUTE(SUBSTITUTE(SUBSTITUTE(SUBSTITUTE(SUBSTITUTE(SUBSTITUTE(SUBSTITUTE(SUBSTITUTE(SUBSTITUTE(SUBSTITUTE(SUBSTITUTE(SUBSTITUTE(SUBSTITUTE(SUBSTITUTE(LOWER(TRIM(A53)),"á","a"),"à","a"),"â","a"),"ä","a"),"ã","a"),"é","e"),"è","e"),"ê","e"),"ë","e"),"í","i"),"ì","i"),"î","i"),"ï","i"),"ó","o"),"ò","o"),"ô","o"),"ö","o"),"õ","o"),"ú","u"),"ù","u"),"û","u"),"ü","u"),"ñ","n"),"ç","c")," ","-"),"'",""),".","") | R53: =IF(A53<>"","cards/football/"&C53/"&Q53/standard.png","") | S53: =IF(C53<>"",VLOOKUP(C53,Références!$A$2:$B$9,2,FALSE),"")
Q54: =SUBSTITUTE(SUBSTITUTE(SUBSTITUTE(SUBSTITUTE(SUBSTITUTE(SUBSTITUTE(SUBSTITUTE(SUBSTITUTE(SUBSTITUTE(SUBSTITUTE(SUBSTITUTE(SUBSTITUTE(SUBSTITUTE(SUBSTITUTE(SUBSTITUTE(SUBSTITUTE(SUBSTITUTE(SUBSTITUTE(SUBSTITUTE(SUBSTITUTE(SUBSTITUTE(SUBSTITUTE(SUBSTITUTE(SUBSTITUTE(SUBSTITUTE(SUBSTITUTE(SUBSTITUTE(LOWER(TRIM(A54)),"á","a"),"à","a"),"â","a"),"ä","a"),"ã","a"),"é","e"),"è","e"),"ê","e"),"ë","e"),"í","i"),"ì","i"),"î","i"),"ï","i"),"ó","o"),"ò","o"),"ô","o"),"ö","o"),"õ","o"),"ú","u"),"ù","u"),"û","u"),"ü","u"),"ñ","n"),"ç","c")," ","-"),"'",""),".","") | R54: =IF(A54<>"","cards/football/"&C54/"&Q54/standard.png","") | S54: =IF(C54<>"",VLOOKUP(C54,Références!$A$2:$B$9,2,FALSE),"")
Q55: =SUBSTITUTE(SUBSTITUTE(SUBSTITUTE(SUBSTITUTE(SUBSTITUTE(SUBSTITUTE(SUBSTITUTE(SUBSTITUTE(SUBSTITUTE(SUBSTITUTE(SUBSTITUTE(SUBSTITUTE(SUBSTITUTE(SUBSTITUTE(SUBSTITUTE(SUBSTITUTE(SUBSTITUTE(SUBSTITUTE(SUBSTITUTE(SUBSTITUTE(SUBSTITUTE(SUBSTITUTE(SUBSTITUTE(SUBSTITUTE(SUBSTITUTE(SUBSTITUTE(SUBSTITUTE(LOWER(TRIM(A55)),"á","a"),"à","a"),"â","a"),"ä","a"),"ã","a"),"é","e"),"è","e"),"ê","e"),"ë","e"),"í","i"),"ì","i"),"î","i"),"ï","i"),"ó","o"),"ò","o"),"ô","o"),"ö","o"),"õ","o"),"ú","u"),"ù","u"),"û","u"),"ü","u"),"ñ","n"),"ç","c")," ","-"),"'",""),".","") | R55: =IF(A55<>"","cards/football/"&C55/"&Q55/standard.png","") | S55: =IF(C55<>"",VLOOKUP(C55,Références!$A$2:$B$9,2,FALSE),"")
Q56: =SUBSTITUTE(SUBSTITUTE(SUBSTITUTE(SUBSTITUTE(SUBSTITUTE(SUBSTITUTE(SUBSTITUTE(SUBSTITUTE(SUBSTITUTE(SUBSTITUTE(SUBSTITUTE(SUBSTITUTE(SUBSTITUTE(SUBSTITUTE(SUBSTITUTE(SUBSTITUTE(SUBSTITUTE(SUBSTITUTE(SUBSTITUTE(SUBSTITUTE(SUBSTITUTE(SUBSTITUTE(SUBSTITUTE(SUBSTITUTE(SUBSTITUTE(SUBSTITUTE(SUBSTITUTE(LOWER(TRIM(A56)),"á","a"),"à","a"),"â","a"),"ä","a"),"ã","a"),"é","e"),"è","e"),"ê","e"),"ë","e"),"í","i"),"ì","i"),"î","i"),"ï","i"),"ó","o"),"ò","o"),"ô","o"),"ö","o"),"õ","o"),"ú","u"),"ù","u"),"û","u"),"ü","u"),"ñ","n"),"ç","c")," ","-"),"'",""),".","") | R56: =IF(A56<>"","cards/football/"&C56/"&Q56/standard.png","") | S56: =IF(C56<>"",VLOOKUP(C56,Références!$A$2:$B$9,2,FALSE),"")
Q57: =SUBSTITUTE(SUBSTITUTE(SUBSTITUTE(SUBSTITUTE(SUBSTITUTE(SUBSTITUTE(SUBSTITUTE(SUBSTITUTE(SUBSTITUTE(SUBSTITUTE(SUBSTITUTE(SUBSTITUTE(SUBSTITUTE(SUBSTITUTE(SUBSTITUTE(SUBSTITUTE(SUBSTITUTE(SUBSTITUTE(SUBSTITUTE(SUBSTITUTE(SUBSTITUTE(SUBSTITUTE(SUBSTITUTE(SUBSTITUTE(SUBSTITUTE(SUBSTITUTE(SUBSTITUTE(LOWER(TRIM(A57)),"á","a"),"à","a"),"â","a"),"ä","a"),"ã","a"),"é","e"),"è","e"),"ê","e"),"ë","e"),"í","i"),"ì","i"),"î","i"),"ï","i"),"ó","o"),"ò","o"),"ô","o"),"ö","o"),"õ","o"),"ú","u"),"ù","u"),"û","u"),"ü","u"),"ñ","n"),"ç","c")," ","-"),"'",""),".","") | R57: =IF(A57<>"","cards/football/"&C57/"&Q57/standard.png","") | S57: =IF(C57<>"",VLOOKUP(C57,Références!$A$2:$B$9,2,FALSE),"")
Q58: =SUBSTITUTE(SUBSTITUTE(SUBSTITUTE(SUBSTITUTE(SUBSTITUTE(SUBSTITUTE(SUBSTITUTE(SUBSTITUTE(SUBSTITUTE(SUBSTITUTE(SUBSTITUTE(SUBSTITUTE(SUBSTITUTE(SUBSTITUTE(SUBSTITUTE(SUBSTITUTE(SUBSTITUTE(SUBSTITUTE(SUBSTITUTE(SUBSTITUTE(SUBSTITUTE(SUBSTITUTE(SUBSTITUTE(SUBSTITUTE(SUBSTITUTE(SUBSTITUTE(SUBSTITUTE(LOWER(TRIM(A58)),"á","a"),"à","a"),"â","a"),"ä","a"),"ã","a"),"é","e"),"è","e"),"ê","e"),"ë","e"),"í","i"),"ì","i"),"î","i"),"ï","i"),"ó","o"),"ò","o"),"ô","o"),"ö","o"),"õ","o"),"ú","u"),"ù","u"),"û","u"),"ü","u"),"ñ","n"),"ç","c")," ","-"),"'",""),".","") | R58: =IF(A58<>"","cards/football/"&C58/"&Q58/standard.png","") | S58: =IF(C58<>"",VLOOKUP(C58,Références!$A$2:$B$9,2,FALSE),"")
Q59: =SUBSTITUTE(SUBSTITUTE(SUBSTITUTE(SUBSTITUTE(SUBSTITUTE(SUBSTITUTE(SUBSTITUTE(SUBSTITUTE(SUBSTITUTE(SUBSTITUTE(SUBSTITUTE(SUBSTITUTE(SUBSTITUTE(SUBSTITUTE(SUBSTITUTE(SUBSTITUTE(SUBSTITUTE(SUBSTITUTE(SUBSTITUTE(SUBSTITUTE(SUBSTITUTE(SUBSTITUTE(SUBSTITUTE(SUBSTITUTE(SUBSTITUTE(SUBSTITUTE(SUBSTITUTE(LOWER(TRIM(A59)),"á","a"),"à","a"),"â","a"),"ä","a"),"ã","a"),"é","e"),"è","e"),"ê","e"),"ë","e"),"í","i"),"ì","i"),"î","i"),"ï","i"),"ó","o"),"ò","o"),"ô","o"),"ö","o"),"õ","o"),"ú","u"),"ù","u"),"û","u"),"ü","u"),"ñ","n"),"ç","c")," ","-"),"'",""),".","") | R59: =IF(A59<>"","cards/football/"&C59/"&Q59/standard.png","") | S59: =IF(C59<>"",VLOOKUP(C59,Références!$A$2:$B$9,2,FALSE),"")
Q60: =SUBSTITUTE(SUBSTITUTE(SUBSTITUTE(SUBSTITUTE(SUBSTITUTE(SUBSTITUTE(SUBSTITUTE(SUBSTITUTE(SUBSTITUTE(SUBSTITUTE(SUBSTITUTE(SUBSTITUTE(SUBSTITUTE(SUBSTITUTE(SUBSTITUTE(SUBSTITUTE(SUBSTITUTE(SUBSTITUTE(SUBSTITUTE(SUBSTITUTE(SUBSTITUTE(SUBSTITUTE(SUBSTITUTE(SUBSTITUTE(SUBSTITUTE(SUBSTITUTE(SUBSTITUTE(LOWER(TRIM(A60)),"á","a"),"à","a"),"â","a"),"ä","a"),"ã","a"),"é","e"),"è","e"),"ê","e"),"ë","e"),"í","i"),"ì","i"),"î","i"),"ï","i"),"ó","o"),"ò","o"),"ô","o"),"ö","o"),"õ","o"),"ú","u"),"ù","u"),"û","u"),"ü","u"),"ñ","n"),"ç","c")," ","-"),"'",""),".","") | R60: =IF(A60<>"","cards/football/"&C60/"&Q60/standard.png","") | S60: =IF(C60<>"",VLOOKUP(C60,Références!$A$2:$B$9,2,FALSE),"")
Q61: =SUBSTITUTE(SUBSTITUTE(SUBSTITUTE(SUBSTITUTE(SUBSTITUTE(SUBSTITUTE(SUBSTITUTE(SUBSTITUTE(SUBSTITUTE(SUBSTITUTE(SUBSTITUTE(SUBSTITUTE(SUBSTITUTE(SUBSTITUTE(SUBSTITUTE(SUBSTITUTE(SUBSTITUTE(SUBSTITUTE(SUBSTITUTE(SUBSTITUTE(SUBSTITUTE(SUBSTITUTE(SUBSTITUTE(SUBSTITUTE(SUBSTITUTE(SUBSTITUTE(SUBSTITUTE(LOWER(TRIM(A61)),"á","a"),"à","a"),"â","a"),"ä","a"),"ã","a"),"é","e"),"è","e"),"ê","e"),"ë","e"),"í","i"),"ì","i"),"î","i"),"ï","i"),"ó","o"),"ò","o"),"ô","o"),"ö","o"),"õ","o"),"ú","u"),"ù","u"),"û","u"),"ü","u"),"ñ","n"),"ç","c")," ","-"),"'",""),".","") | R61: =IF(A61<>"","cards/football/"&C61/"&Q61/standard.png","") | S61: =IF(C61<>"",VLOOKUP(C61,Références!$A$2:$B$9,2,FALSE),"")
Q62: =SUBSTITUTE(SUBSTITUTE(SUBSTITUTE(SUBSTITUTE(SUBSTITUTE(SUBSTITUTE(SUBSTITUTE(SUBSTITUTE(SUBSTITUTE(SUBSTITUTE(SUBSTITUTE(SUBSTITUTE(SUBSTITUTE(SUBSTITUTE(SUBSTITUTE(SUBSTITUTE(SUBSTITUTE(SUBSTITUTE(SUBSTITUTE(SUBSTITUTE(SUBSTITUTE(SUBSTITUTE(SUBSTITUTE(SUBSTITUTE(SUBSTITUTE(SUBSTITUTE(SUBSTITUTE(LOWER(TRIM(A62)),"á","a"),"à","a"),"â","a"),"ä","a"),"ã","a"),"é","e"),"è","e"),"ê","e"),"ë","e"),"í","i"),"ì","i"),"î","i"),"ï","i"),"ó","o"),"ò","o"),"ô","o"),"ö","o"),"õ","o"),"ú","u"),"ù","u"),"û","u"),"ü","u"),"ñ","n"),"ç","c")," ","-"),"'",""),".","") | R62: =IF(A62<>"","cards/football/"&C62/"&Q62/standard.png","") | S62: =IF(C62<>"",VLOOKUP(C62,Références!$A$2:$B$9,2,FALSE),"")
Q63: =SUBSTITUTE(SUBSTITUTE(SUBSTITUTE(SUBSTITUTE(SUBSTITUTE(SUBSTITUTE(SUBSTITUTE(SUBSTITUTE(SUBSTITUTE(SUBSTITUTE(SUBSTITUTE(SUBSTITUTE(SUBSTITUTE(SUBSTITUTE(SUBSTITUTE(SUBSTITUTE(SUBSTITUTE(SUBSTITUTE(SUBSTITUTE(SUBSTITUTE(SUBSTITUTE(SUBSTITUTE(SUBSTITUTE(SUBSTITUTE(SUBSTITUTE(SUBSTITUTE(SUBSTITUTE(LOWER(TRIM(A63)),"á","a"),"à","a"),"â","a"),"ä","a"),"ã","a"),"é","e"),"è","e"),"ê","e"),"ë","e"),"í","i"),"ì","i"),"î","i"),"ï","i"),"ó","o"),"ò","o"),"ô","o"),"ö","o"),"õ","o"),"ú","u"),"ù","u"),"û","u"),"ü","u"),"ñ","n"),"ç","c")," ","-"),"'",""),".","") | R63: =IF(A63<>"","cards/football/"&C63/"&Q63/standard.png","") | S63: =IF(C63<>"",VLOOKUP(C63,Références!$A$2:$B$9,2,FALSE),"")
Q64: =SUBSTITUTE(SUBSTITUTE(SUBSTITUTE(SUBSTITUTE(SUBSTITUTE(SUBSTITUTE(SUBSTITUTE(SUBSTITUTE(SUBSTITUTE(SUBSTITUTE(SUBSTITUTE(SUBSTITUTE(SUBSTITUTE(SUBSTITUTE(SUBSTITUTE(SUBSTITUTE(SUBSTITUTE(SUBSTITUTE(SUBSTITUTE(SUBSTITUTE(SUBSTITUTE(SUBSTITUTE(SUBSTITUTE(SUBSTITUTE(SUBSTITUTE(SUBSTITUTE(SUBSTITUTE(LOWER(TRIM(A64)),"á","a"),"à","a"),"â","a"),"ä","a"),"ã","a"),"é","e"),"è","e"),"ê","e"),"ë","e"),"í","i"),"ì","i"),"î","i"),"ï","i"),"ó","o"),"ò","o"),"ô","o"),"ö","o"),"õ","o"),"ú","u"),"ù","u"),"û","u"),"ü","u"),"ñ","n"),"ç","c")," ","-"),"'",""),".","") | R64: =IF(A64<>"","cards/football/"&C64/"&Q64/standard.png","") | S64: =IF(C64<>"",VLOOKUP(C64,Références!$A$2:$B$9,2,FALSE),"")
Q65: =SUBSTITUTE(SUBSTITUTE(SUBSTITUTE(SUBSTITUTE(SUBSTITUTE(SUBSTITUTE(SUBSTITUTE(SUBSTITUTE(SUBSTITUTE(SUBSTITUTE(SUBSTITUTE(SUBSTITUTE(SUBSTITUTE(SUBSTITUTE(SUBSTITUTE(SUBSTITUTE(SUBSTITUTE(SUBSTITUTE(SUBSTITUTE(SUBSTITUTE(SUBSTITUTE(SUBSTITUTE(SUBSTITUTE(SUBSTITUTE(SUBSTITUTE(SUBSTITUTE(SUBSTITUTE(LOWER(TRIM(A65)),"á","a"),"à","a"),"â","a"),"ä","a"),"ã","a"),"é","e"),"è","e"),"ê","e"),"ë","e"),"í","i"),"ì","i"),"î","i"),"ï","i"),"ó","o"),"ò","o"),"ô","o"),"ö","o"),"õ","o"),"ú","u"),"ù","u"),"û","u"),"ü","u"),"ñ","n"),"ç","c")," ","-"),"'",""),".","") | R65: =IF(A65<>"","cards/football/"&C65/"&Q65/standard.png","") | S65: =IF(C65<>"",VLOOKUP(C65,Références!$A$2:$B$9,2,FALSE),"")
Q66: =SUBSTITUTE(SUBSTITUTE(SUBSTITUTE(SUBSTITUTE(SUBSTITUTE(SUBSTITUTE(SUBSTITUTE(SUBSTITUTE(SUBSTITUTE(SUBSTITUTE(SUBSTITUTE(SUBSTITUTE(SUBSTITUTE(SUBSTITUTE(SUBSTITUTE(SUBSTITUTE(SUBSTITUTE(SUBSTITUTE(SUBSTITUTE(SUBSTITUTE(SUBSTITUTE(SUBSTITUTE(SUBSTITUTE(SUBSTITUTE(SUBSTITUTE(SUBSTITUTE(SUBSTITUTE(LOWER(TRIM(A66)),"á","a"),"à","a"),"â","a"),"ä","a"),"ã","a"),"é","e"),"è","e"),"ê","e"),"ë","e"),"í","i"),"ì","i"),"î","i"),"ï","i"),"ó","o"),"ò","o"),"ô","o"),"ö","o"),"õ","o"),"ú","u"),"ù","u"),"û","u"),"ü","u"),"ñ","n"),"ç","c")," ","-"),"'",""),".","") | R66: =IF(A66<>"","cards/football/"&C66/"&Q66/standard.png","") | S66: =IF(C66<>"",VLOOKUP(C66,Références!$A$2:$B$9,2,FALSE),"")
Q67: =SUBSTITUTE(SUBSTITUTE(SUBSTITUTE(SUBSTITUTE(SUBSTITUTE(SUBSTITUTE(SUBSTITUTE(SUBSTITUTE(SUBSTITUTE(SUBSTITUTE(SUBSTITUTE(SUBSTITUTE(SUBSTITUTE(SUBSTITUTE(SUBSTITUTE(SUBSTITUTE(SUBSTITUTE(SUBSTITUTE(SUBSTITUTE(SUBSTITUTE(SUBSTITUTE(SUBSTITUTE(SUBSTITUTE(SUBSTITUTE(SUBSTITUTE(SUBSTITUTE(SUBSTITUTE(LOWER(TRIM(A67)),"á","a"),"à","a"),"â","a"),"ä","a"),"ã","a"),"é","e"),"è","e"),"ê","e"),"ë","e"),"í","i"),"ì","i"),"î","i"),"ï","i"),"ó","o"),"ò","o"),"ô","o"),"ö","o"),"õ","o"),"ú","u"),"ù","u"),"û","u"),"ü","u"),"ñ","n"),"ç","c")," ","-"),"'",""),".","") | R67: =IF(A67<>"","cards/football/"&C67/"&Q67/standard.png","") | S67: =IF(C67<>"",VLOOKUP(C67,Références!$A$2:$B$9,2,FALSE),"")
Q68: =SUBSTITUTE(SUBSTITUTE(SUBSTITUTE(SUBSTITUTE(SUBSTITUTE(SUBSTITUTE(SUBSTITUTE(SUBSTITUTE(SUBSTITUTE(SUBSTITUTE(SUBSTITUTE(SUBSTITUTE(SUBSTITUTE(SUBSTITUTE(SUBSTITUTE(SUBSTITUTE(SUBSTITUTE(SUBSTITUTE(SUBSTITUTE(SUBSTITUTE(SUBSTITUTE(SUBSTITUTE(SUBSTITUTE(SUBSTITUTE(SUBSTITUTE(SUBSTITUTE(SUBSTITUTE(LOWER(TRIM(A68)),"á","a"),"à","a"),"â","a"),"ä","a"),"ã","a"),"é","e"),"è","e"),"ê","e"),"ë","e"),"í","i"),"ì","i"),"î","i"),"ï","i"),"ó","o"),"ò","o"),"ô","o"),"ö","o"),"õ","o"),"ú","u"),"ù","u"),"û","u"),"ü","u"),"ñ","n"),"ç","c")," ","-"),"'",""),".","") | R68: =IF(A68<>"","cards/football/"&C68/"&Q68/standard.png","") | S68: =IF(C68<>"",VLOOKUP(C68,Références!$A$2:$B$9,2,FALSE),"")
Q69: =SUBSTITUTE(SUBSTITUTE(SUBSTITUTE(SUBSTITUTE(SUBSTITUTE(SUBSTITUTE(SUBSTITUTE(SUBSTITUTE(SUBSTITUTE(SUBSTITUTE(SUBSTITUTE(SUBSTITUTE(SUBSTITUTE(SUBSTITUTE(SUBSTITUTE(SUBSTITUTE(SUBSTITUTE(SUBSTITUTE(SUBSTITUTE(SUBSTITUTE(SUBSTITUTE(SUBSTITUTE(SUBSTITUTE(SUBSTITUTE(SUBSTITUTE(SUBSTITUTE(SUBSTITUTE(LOWER(TRIM(A69)),"á","a"),"à","a"),"â","a"),"ä","a"),"ã","a"),"é","e"),"è","e"),"ê","e"),"ë","e"),"í","i"),"ì","i"),"î","i"),"ï","i"),"ó","o"),"ò","o"),"ô","o"),"ö","o"),"õ","o"),"ú","u"),"ù","u"),"û","u"),"ü","u"),"ñ","n"),"ç","c")," ","-"),"'",""),".","") | R69: =IF(A69<>"","cards/football/"&C69/"&Q69/standard.png","") | S69: =IF(C69<>"",VLOOKUP(C69,Références!$A$2:$B$9,2,FALSE),"")
Q70: =SUBSTITUTE(SUBSTITUTE(SUBSTITUTE(SUBSTITUTE(SUBSTITUTE(SUBSTITUTE(SUBSTITUTE(SUBSTITUTE(SUBSTITUTE(SUBSTITUTE(SUBSTITUTE(SUBSTITUTE(SUBSTITUTE(SUBSTITUTE(SUBSTITUTE(SUBSTITUTE(SUBSTITUTE(SUBSTITUTE(SUBSTITUTE(SUBSTITUTE(SUBSTITUTE(SUBSTITUTE(SUBSTITUTE(SUBSTITUTE(SUBSTITUTE(SUBSTITUTE(SUBSTITUTE(LOWER(TRIM(A70)),"á","a"),"à","a"),"â","a"),"ä","a"),"ã","a"),"é","e"),"è","e"),"ê","e"),"ë","e"),"í","i"),"ì","i"),"î","i"),"ï","i"),"ó","o"),"ò","o"),"ô","o"),"ö","o"),"õ","o"),"ú","u"),"ù","u"),"û","u"),"ü","u"),"ñ","n"),"ç","c")," ","-"),"'",""),".","") | R70: =IF(A70<>"","cards/football/"&C70/"&Q70/standard.png","") | S70: =IF(C70<>"",VLOOKUP(C70,Références!$A$2:$B$9,2,FALSE),"")
Q71: =SUBSTITUTE(SUBSTITUTE(SUBSTITUTE(SUBSTITUTE(SUBSTITUTE(SUBSTITUTE(SUBSTITUTE(SUBSTITUTE(SUBSTITUTE(SUBSTITUTE(SUBSTITUTE(SUBSTITUTE(SUBSTITUTE(SUBSTITUTE(SUBSTITUTE(SUBSTITUTE(SUBSTITUTE(SUBSTITUTE(SUBSTITUTE(SUBSTITUTE(SUBSTITUTE(SUBSTITUTE(SUBSTITUTE(SUBSTITUTE(SUBSTITUTE(SUBSTITUTE(SUBSTITUTE(LOWER(TRIM(A71)),"á","a"),"à","a"),"â","a"),"ä","a"),"ã","a"),"é","e"),"è","e"),"ê","e"),"ë","e"),"í","i"),"ì","i"),"î","i"),"ï","i"),"ó","o"),"ò","o"),"ô","o"),"ö","o"),"õ","o"),"ú","u"),"ù","u"),"û","u"),"ü","u"),"ñ","n"),"ç","c")," ","-"),"'",""),".","") | R71: =IF(A71<>"","cards/football/"&C71/"&Q71/standard.png","") | S71: =IF(C71<>"",VLOOKUP(C71,Références!$A$2:$B$9,2,FALSE),"")
Q72: =SUBSTITUTE(SUBSTITUTE(SUBSTITUTE(SUBSTITUTE(SUBSTITUTE(SUBSTITUTE(SUBSTITUTE(SUBSTITUTE(SUBSTITUTE(SUBSTITUTE(SUBSTITUTE(SUBSTITUTE(SUBSTITUTE(SUBSTITUTE(SUBSTITUTE(SUBSTITUTE(SUBSTITUTE(SUBSTITUTE(SUBSTITUTE(SUBSTITUTE(SUBSTITUTE(SUBSTITUTE(SUBSTITUTE(SUBSTITUTE(SUBSTITUTE(SUBSTITUTE(SUBSTITUTE(LOWER(TRIM(A72)),"á","a"),"à","a"),"â","a"),"ä","a"),"ã","a"),"é","e"),"è","e"),"ê","e"),"ë","e"),"í","i"),"ì","i"),"î","i"),"ï","i"),"ó","o"),"ò","o"),"ô","o"),"ö","o"),"õ","o"),"ú","u"),"ù","u"),"û","u"),"ü","u"),"ñ","n"),"ç","c")," ","-"),"'",""),".","") | R72: =IF(A72<>"","cards/football/"&C72/"&Q72/standard.png","") | S72: =IF(C72<>"",VLOOKUP(C72,Références!$A$2:$B$9,2,FALSE),"")
Q73: =SUBSTITUTE(SUBSTITUTE(SUBSTITUTE(SUBSTITUTE(SUBSTITUTE(SUBSTITUTE(SUBSTITUTE(SUBSTITUTE(SUBSTITUTE(SUBSTITUTE(SUBSTITUTE(SUBSTITUTE(SUBSTITUTE(SUBSTITUTE(SUBSTITUTE(SUBSTITUTE(SUBSTITUTE(SUBSTITUTE(SUBSTITUTE(SUBSTITUTE(SUBSTITUTE(SUBSTITUTE(SUBSTITUTE(SUBSTITUTE(SUBSTITUTE(SUBSTITUTE(SUBSTITUTE(LOWER(TRIM(A73)),"á","a"),"à","a"),"â","a"),"ä","a"),"ã","a"),"é","e"),"è","e"),"ê","e"),"ë","e"),"í","i"),"ì","i"),"î","i"),"ï","i"),"ó","o"),"ò","o"),"ô","o"),"ö","o"),"õ","o"),"ú","u"),"ù","u"),"û","u"),"ü","u"),"ñ","n"),"ç","c")," ","-"),"'",""),".","") | R73: =IF(A73<>"","cards/football/"&C73/"&Q73/standard.png","") | S73: =IF(C73<>"",VLOOKUP(C73,Références!$A$2:$B$9,2,FALSE),"")
Q74: =SUBSTITUTE(SUBSTITUTE(SUBSTITUTE(SUBSTITUTE(SUBSTITUTE(SUBSTITUTE(SUBSTITUTE(SUBSTITUTE(SUBSTITUTE(SUBSTITUTE(SUBSTITUTE(SUBSTITUTE(SUBSTITUTE(SUBSTITUTE(SUBSTITUTE(SUBSTITUTE(SUBSTITUTE(SUBSTITUTE(SUBSTITUTE(SUBSTITUTE(SUBSTITUTE(SUBSTITUTE(SUBSTITUTE(SUBSTITUTE(SUBSTITUTE(SUBSTITUTE(SUBSTITUTE(LOWER(TRIM(A74)),"á","a"),"à","a"),"â","a"),"ä","a"),"ã","a"),"é","e"),"è","e"),"ê","e"),"ë","e"),"í","i"),"ì","i"),"î","i"),"ï","i"),"ó","o"),"ò","o"),"ô","o"),"ö","o"),"õ","o"),"ú","u"),"ù","u"),"û","u"),"ü","u"),"ñ","n"),"ç","c")," ","-"),"'",""),".","") | R74: =IF(A74<>"","cards/football/"&C74/"&Q74/standard.png","") | S74: =IF(C74<>"",VLOOKUP(C74,Références!$A$2:$B$9,2,FALSE),"")
Q75: =SUBSTITUTE(SUBSTITUTE(SUBSTITUTE(SUBSTITUTE(SUBSTITUTE(SUBSTITUTE(SUBSTITUTE(SUBSTITUTE(SUBSTITUTE(SUBSTITUTE(SUBSTITUTE(SUBSTITUTE(SUBSTITUTE(SUBSTITUTE(SUBSTITUTE(SUBSTITUTE(SUBSTITUTE(SUBSTITUTE(SUBSTITUTE(SUBSTITUTE(SUBSTITUTE(SUBSTITUTE(SUBSTITUTE(SUBSTITUTE(SUBSTITUTE(SUBSTITUTE(SUBSTITUTE(LOWER(TRIM(A75)),"á","a"),"à","a"),"â","a"),"ä","a"),"ã","a"),"é","e"),"è","e"),"ê","e"),"ë","e"),"í","i"),"ì","i"),"î","i"),"ï","i"),"ó","o"),"ò","o"),"ô","o"),"ö","o"),"õ","o"),"ú","u"),"ù","u"),"û","u"),"ü","u"),"ñ","n"),"ç","c")," ","-"),"'",""),".","") | R75: =IF(A75<>"","cards/football/"&C75/"&Q75/standard.png","") | S75: =IF(C75<>"",VLOOKUP(C75,Références!$A$2:$B$9,2,FALSE),"")
Q76: =SUBSTITUTE(SUBSTITUTE(SUBSTITUTE(SUBSTITUTE(SUBSTITUTE(SUBSTITUTE(SUBSTITUTE(SUBSTITUTE(SUBSTITUTE(SUBSTITUTE(SUBSTITUTE(SUBSTITUTE(SUBSTITUTE(SUBSTITUTE(SUBSTITUTE(SUBSTITUTE(SUBSTITUTE(SUBSTITUTE(SUBSTITUTE(SUBSTITUTE(SUBSTITUTE(SUBSTITUTE(SUBSTITUTE(SUBSTITUTE(SUBSTITUTE(SUBSTITUTE(SUBSTITUTE(LOWER(TRIM(A76)),"á","a"),"à","a"),"â","a"),"ä","a"),"ã","a"),"é","e"),"è","e"),"ê","e"),"ë","e"),"í","i"),"ì","i"),"î","i"),"ï","i"),"ó","o"),"ò","o"),"ô","o"),"ö","o"),"õ","o"),"ú","u"),"ù","u"),"û","u"),"ü","u"),"ñ","n"),"ç","c")," ","-"),"'",""),".","") | R76: =IF(A76<>"","cards/football/"&C76/"&Q76/standard.png","") | S76: =IF(C76<>"",VLOOKUP(C76,Références!$A$2:$B$9,2,FALSE),"")
Q77: =SUBSTITUTE(SUBSTITUTE(SUBSTITUTE(SUBSTITUTE(SUBSTITUTE(SUBSTITUTE(SUBSTITUTE(SUBSTITUTE(SUBSTITUTE(SUBSTITUTE(SUBSTITUTE(SUBSTITUTE(SUBSTITUTE(SUBSTITUTE(SUBSTITUTE(SUBSTITUTE(SUBSTITUTE(SUBSTITUTE(SUBSTITUTE(SUBSTITUTE(SUBSTITUTE(SUBSTITUTE(SUBSTITUTE(SUBSTITUTE(SUBSTITUTE(SUBSTITUTE(SUBSTITUTE(LOWER(TRIM(A77)),"á","a"),"à","a"),"â","a"),"ä","a"),"ã","a"),"é","e"),"è","e"),"ê","e"),"ë","e"),"í","i"),"ì","i"),"î","i"),"ï","i"),"ó","o"),"ò","o"),"ô","o"),"ö","o"),"õ","o"),"ú","u"),"ù","u"),"û","u"),"ü","u"),"ñ","n"),"ç","c")," ","-"),"'",""),".","") | R77: =IF(A77<>"","cards/football/"&C77/"&Q77/standard.png","") | S77: =IF(C77<>"",VLOOKUP(C77,Références!$A$2:$B$9,2,FALSE),"")
Q78: =SUBSTITUTE(SUBSTITUTE(SUBSTITUTE(SUBSTITUTE(SUBSTITUTE(SUBSTITUTE(SUBSTITUTE(SUBSTITUTE(SUBSTITUTE(SUBSTITUTE(SUBSTITUTE(SUBSTITUTE(SUBSTITUTE(SUBSTITUTE(SUBSTITUTE(SUBSTITUTE(SUBSTITUTE(SUBSTITUTE(SUBSTITUTE(SUBSTITUTE(SUBSTITUTE(SUBSTITUTE(SUBSTITUTE(SUBSTITUTE(SUBSTITUTE(SUBSTITUTE(SUBSTITUTE(LOWER(TRIM(A78)),"á","a"),"à","a"),"â","a"),"ä","a"),"ã","a"),"é","e"),"è","e"),"ê","e"),"ë","e"),"í","i"),"ì","i"),"î","i"),"ï","i"),"ó","o"),"ò","o"),"ô","o"),"ö","o"),"õ","o"),"ú","u"),"ù","u"),"û","u"),"ü","u"),"ñ","n"),"ç","c")," ","-"),"'",""),".","") | R78: =IF(A78<>"","cards/football/"&C78/"&Q78/standard.png","") | S78: =IF(C78<>"",VLOOKUP(C78,Références!$A$2:$B$9,2,FALSE),"")
Q79: =SUBSTITUTE(SUBSTITUTE(SUBSTITUTE(SUBSTITUTE(SUBSTITUTE(SUBSTITUTE(SUBSTITUTE(SUBSTITUTE(SUBSTITUTE(SUBSTITUTE(SUBSTITUTE(SUBSTITUTE(SUBSTITUTE(SUBSTITUTE(SUBSTITUTE(SUBSTITUTE(SUBSTITUTE(SUBSTITUTE(SUBSTITUTE(SUBSTITUTE(SUBSTITUTE(SUBSTITUTE(SUBSTITUTE(SUBSTITUTE(SUBSTITUTE(SUBSTITUTE(SUBSTITUTE(LOWER(TRIM(A79)),"á","a"),"à","a"),"â","a"),"ä","a"),"ã","a"),"é","e"),"è","e"),"ê","e"),"ë","e"),"í","i"),"ì","i"),"î","i"),"ï","i"),"ó","o"),"ò","o"),"ô","o"),"ö","o"),"õ","o"),"ú","u"),"ù","u"),"û","u"),"ü","u"),"ñ","n"),"ç","c")," ","-"),"'",""),".","") | R79: =IF(A79<>"","cards/football/"&C79/"&Q79/standard.png","") | S79: =IF(C79<>"",VLOOKUP(C79,Références!$A$2:$B$9,2,FALSE),"")
Q80: =SUBSTITUTE(SUBSTITUTE(SUBSTITUTE(SUBSTITUTE(SUBSTITUTE(SUBSTITUTE(SUBSTITUTE(SUBSTITUTE(SUBSTITUTE(SUBSTITUTE(SUBSTITUTE(SUBSTITUTE(SUBSTITUTE(SUBSTITUTE(SUBSTITUTE(SUBSTITUTE(SUBSTITUTE(SUBSTITUTE(SUBSTITUTE(SUBSTITUTE(SUBSTITUTE(SUBSTITUTE(SUBSTITUTE(SUBSTITUTE(SUBSTITUTE(SUBSTITUTE(SUBSTITUTE(LOWER(TRIM(A80)),"á","a"),"à","a"),"â","a"),"ä","a"),"ã","a"),"é","e"),"è","e"),"ê","e"),"ë","e"),"í","i"),"ì","i"),"î","i"),"ï","i"),"ó","o"),"ò","o"),"ô","o"),"ö","o"),"õ","o"),"ú","u"),"ù","u"),"û","u"),"ü","u"),"ñ","n"),"ç","c")," ","-"),"'",""),".","") | R80: =IF(A80<>"","cards/football/"&C80/"&Q80/standard.png","") | S80: =IF(C80<>"",VLOOKUP(C80,Références!$A$2:$B$9,2,FALSE),"")
Q81: =SUBSTITUTE(SUBSTITUTE(SUBSTITUTE(SUBSTITUTE(SUBSTITUTE(SUBSTITUTE(SUBSTITUTE(SUBSTITUTE(SUBSTITUTE(SUBSTITUTE(SUBSTITUTE(SUBSTITUTE(SUBSTITUTE(SUBSTITUTE(SUBSTITUTE(SUBSTITUTE(SUBSTITUTE(SUBSTITUTE(SUBSTITUTE(SUBSTITUTE(SUBSTITUTE(SUBSTITUTE(SUBSTITUTE(SUBSTITUTE(SUBSTITUTE(SUBSTITUTE(SUBSTITUTE(LOWER(TRIM(A81)),"á","a"),"à","a"),"â","a"),"ä","a"),"ã","a"),"é","e"),"è","e"),"ê","e"),"ë","e"),"í","i"),"ì","i"),"î","i"),"ï","i"),"ó","o"),"ò","o"),"ô","o"),"ö","o"),"õ","o"),"ú","u"),"ù","u"),"û","u"),"ü","u"),"ñ","n"),"ç","c")," ","-"),"'",""),".","") | R81: =IF(A81<>"","cards/football/"&C81/"&Q81/standard.png","") | S81: =IF(C81<>"",VLOOKUP(C81,Références!$A$2:$B$9,2,FALSE),"")
Q82: =SUBSTITUTE(SUBSTITUTE(SUBSTITUTE(SUBSTITUTE(SUBSTITUTE(SUBSTITUTE(SUBSTITUTE(SUBSTITUTE(SUBSTITUTE(SUBSTITUTE(SUBSTITUTE(SUBSTITUTE(SUBSTITUTE(SUBSTITUTE(SUBSTITUTE(SUBSTITUTE(SUBSTITUTE(SUBSTITUTE(SUBSTITUTE(SUBSTITUTE(SUBSTITUTE(SUBSTITUTE(SUBSTITUTE(SUBSTITUTE(SUBSTITUTE(SUBSTITUTE(SUBSTITUTE(LOWER(TRIM(A82)),"á","a"),"à","a"),"â","a"),"ä","a"),"ã","a"),"é","e"),"è","e"),"ê","e"),"ë","e"),"í","i"),"ì","i"),"î","i"),"ï","i"),"ó","o"),"ò","o"),"ô","o"),"ö","o"),"õ","o"),"ú","u"),"ù","u"),"û","u"),"ü","u"),"ñ","n"),"ç","c")," ","-"),"'",""),".","") | R82: =IF(A82<>"","cards/football/"&C82/"&Q82/standard.png","") | S82: =IF(C82<>"",VLOOKUP(C82,Références!$A$2:$B$9,2,FALSE),"")
Q83: =SUBSTITUTE(SUBSTITUTE(SUBSTITUTE(SUBSTITUTE(SUBSTITUTE(SUBSTITUTE(SUBSTITUTE(SUBSTITUTE(SUBSTITUTE(SUBSTITUTE(SUBSTITUTE(SUBSTITUTE(SUBSTITUTE(SUBSTITUTE(SUBSTITUTE(SUBSTITUTE(SUBSTITUTE(SUBSTITUTE(SUBSTITUTE(SUBSTITUTE(SUBSTITUTE(SUBSTITUTE(SUBSTITUTE(SUBSTITUTE(SUBSTITUTE(SUBSTITUTE(SUBSTITUTE(LOWER(TRIM(A83)),"á","a"),"à","a"),"â","a"),"ä","a"),"ã","a"),"é","e"),"è","e"),"ê","e"),"ë","e"),"í","i"),"ì","i"),"î","i"),"ï","i"),"ó","o"),"ò","o"),"ô","o"),"ö","o"),"õ","o"),"ú","u"),"ù","u"),"û","u"),"ü","u"),"ñ","n"),"ç","c")," ","-"),"'",""),".","") | R83: =IF(A83<>"","cards/football/"&C83/"&Q83/standard.png","") | S83: =IF(C83<>"",VLOOKUP(C83,Références!$A$2:$B$9,2,FALSE),"")
Q84: =SUBSTITUTE(SUBSTITUTE(SUBSTITUTE(SUBSTITUTE(SUBSTITUTE(SUBSTITUTE(SUBSTITUTE(SUBSTITUTE(SUBSTITUTE(SUBSTITUTE(SUBSTITUTE(SUBSTITUTE(SUBSTITUTE(SUBSTITUTE(SUBSTITUTE(SUBSTITUTE(SUBSTITUTE(SUBSTITUTE(SUBSTITUTE(SUBSTITUTE(SUBSTITUTE(SUBSTITUTE(SUBSTITUTE(SUBSTITUTE(SUBSTITUTE(SUBSTITUTE(SUBSTITUTE(LOWER(TRIM(A84)),"á","a"),"à","a"),"â","a"),"ä","a"),"ã","a"),"é","e"),"è","e"),"ê","e"),"ë","e"),"í","i"),"ì","i"),"î","i"),"ï","i"),"ó","o"),"ò","o"),"ô","o"),"ö","o"),"õ","o"),"ú","u"),"ù","u"),"û","u"),"ü","u"),"ñ","n"),"ç","c")," ","-"),"'",""),".","") | R84: =IF(A84<>"","cards/football/"&C84/"&Q84/standard.png","") | S84: =IF(C84<>"",VLOOKUP(C84,Références!$A$2:$B$9,2,FALSE),"")
Q85: =SUBSTITUTE(SUBSTITUTE(SUBSTITUTE(SUBSTITUTE(SUBSTITUTE(SUBSTITUTE(SUBSTITUTE(SUBSTITUTE(SUBSTITUTE(SUBSTITUTE(SUBSTITUTE(SUBSTITUTE(SUBSTITUTE(SUBSTITUTE(SUBSTITUTE(SUBSTITUTE(SUBSTITUTE(SUBSTITUTE(SUBSTITUTE(SUBSTITUTE(SUBSTITUTE(SUBSTITUTE(SUBSTITUTE(SUBSTITUTE(SUBSTITUTE(SUBSTITUTE(SUBSTITUTE(LOWER(TRIM(A85)),"á","a"),"à","a"),"â","a"),"ä","a"),"ã","a"),"é","e"),"è","e"),"ê","e"),"ë","e"),"í","i"),"ì","i"),"î","i"),"ï","i"),"ó","o"),"ò","o"),"ô","o"),"ö","o"),"õ","o"),"ú","u"),"ù","u"),"û","u"),"ü","u"),"ñ","n"),"ç","c")," ","-"),"'",""),".","") | R85: =IF(A85<>"","cards/football/"&C85/"&Q85/standard.png","") | S85: =IF(C85<>"",VLOOKUP(C85,Références!$A$2:$B$9,2,FALSE),"")
Q86: =SUBSTITUTE(SUBSTITUTE(SUBSTITUTE(SUBSTITUTE(SUBSTITUTE(SUBSTITUTE(SUBSTITUTE(SUBSTITUTE(SUBSTITUTE(SUBSTITUTE(SUBSTITUTE(SUBSTITUTE(SUBSTITUTE(SUBSTITUTE(SUBSTITUTE(SUBSTITUTE(SUBSTITUTE(SUBSTITUTE(SUBSTITUTE(SUBSTITUTE(SUBSTITUTE(SUBSTITUTE(SUBSTITUTE(SUBSTITUTE(SUBSTITUTE(SUBSTITUTE(SUBSTITUTE(LOWER(TRIM(A86)),"á","a"),"à","a"),"â","a"),"ä","a"),"ã","a"),"é","e"),"è","e"),"ê","e"),"ë","e"),"í","i"),"ì","i"),"î","i"),"ï","i"),"ó","o"),"ò","o"),"ô","o"),"ö","o"),"õ","o"),"ú","u"),"ù","u"),"û","u"),"ü","u"),"ñ","n"),"ç","c")," ","-"),"'",""),".","") | R86: =IF(A86<>"","cards/football/"&C86/"&Q86/standard.png","") | S86: =IF(C86<>"",VLOOKUP(C86,Références!$A$2:$B$9,2,FALSE),"")
Q87: =SUBSTITUTE(SUBSTITUTE(SUBSTITUTE(SUBSTITUTE(SUBSTITUTE(SUBSTITUTE(SUBSTITUTE(SUBSTITUTE(SUBSTITUTE(SUBSTITUTE(SUBSTITUTE(SUBSTITUTE(SUBSTITUTE(SUBSTITUTE(SUBSTITUTE(SUBSTITUTE(SUBSTITUTE(SUBSTITUTE(SUBSTITUTE(SUBSTITUTE(SUBSTITUTE(SUBSTITUTE(SUBSTITUTE(SUBSTITUTE(SUBSTITUTE(SUBSTITUTE(SUBSTITUTE(LOWER(TRIM(A87)),"á","a"),"à","a"),"â","a"),"ä","a"),"ã","a"),"é","e"),"è","e"),"ê","e"),"ë","e"),"í","i"),"ì","i"),"î","i"),"ï","i"),"ó","o"),"ò","o"),"ô","o"),"ö","o"),"õ","o"),"ú","u"),"ù","u"),"û","u"),"ü","u"),"ñ","n"),"ç","c")," ","-"),"'",""),".","") | R87: =IF(A87<>"","cards/football/"&C87/"&Q87/standard.png","") | S87: =IF(C87<>"",VLOOKUP(C87,Références!$A$2:$B$9,2,FALSE),"")
Q88: =SUBSTITUTE(SUBSTITUTE(SUBSTITUTE(SUBSTITUTE(SUBSTITUTE(SUBSTITUTE(SUBSTITUTE(SUBSTITUTE(SUBSTITUTE(SUBSTITUTE(SUBSTITUTE(SUBSTITUTE(SUBSTITUTE(SUBSTITUTE(SUBSTITUTE(SUBSTITUTE(SUBSTITUTE(SUBSTITUTE(SUBSTITUTE(SUBSTITUTE(SUBSTITUTE(SUBSTITUTE(SUBSTITUTE(SUBSTITUTE(SUBSTITUTE(SUBSTITUTE(SUBSTITUTE(LOWER(TRIM(A88)),"á","a"),"à","a"),"â","a"),"ä","a"),"ã","a"),"é","e"),"è","e"),"ê","e"),"ë","e"),"í","i"),"ì","i"),"î","i"),"ï","i"),"ó","o"),"ò","o"),"ô","o"),"ö","o"),"õ","o"),"ú","u"),"ù","u"),"û","u"),"ü","u"),"ñ","n"),"ç","c")," ","-"),"'",""),".","") | R88: =IF(A88<>"","cards/football/"&C88/"&Q88/standard.png","") | S88: =IF(C88<>"",VLOOKUP(C88,Références!$A$2:$B$9,2,FALSE),"")
Q89: =SUBSTITUTE(SUBSTITUTE(SUBSTITUTE(SUBSTITUTE(SUBSTITUTE(SUBSTITUTE(SUBSTITUTE(SUBSTITUTE(SUBSTITUTE(SUBSTITUTE(SUBSTITUTE(SUBSTITUTE(SUBSTITUTE(SUBSTITUTE(SUBSTITUTE(SUBSTITUTE(SUBSTITUTE(SUBSTITUTE(SUBSTITUTE(SUBSTITUTE(SUBSTITUTE(SUBSTITUTE(SUBSTITUTE(SUBSTITUTE(SUBSTITUTE(SUBSTITUTE(SUBSTITUTE(LOWER(TRIM(A89)),"á","a"),"à","a"),"â","a"),"ä","a"),"ã","a"),"é","e"),"è","e"),"ê","e"),"ë","e"),"í","i"),"ì","i"),"î","i"),"ï","i"),"ó","o"),"ò","o"),"ô","o"),"ö","o"),"õ","o"),"ú","u"),"ù","u"),"û","u"),"ü","u"),"ñ","n"),"ç","c")," ","-"),"'",""),".","") | R89: =IF(A89<>"","cards/football/"&C89/"&Q89/standard.png","") | S89: =IF(C89<>"",VLOOKUP(C89,Références!$A$2:$B$9,2,FALSE),"")

Sheet Stats & OVR
A1: id (auto) | B1: name (auto) | C1: nation (auto) | D1: poste (auto) | E1: BASE (auto) | F1: Vitesse | G1: Accélération | H1: Endurance | I1: Puissance | J1: Agilité | K1: Détente | L1: Anticipation | M1: SangFroid | N1: Leadership | O1: Positionnement | P1: Agressivité | Q1: Décision | R1: Passe | S1: Tir | T1: Dribble | U1: Centre | V1: Tacle | W1: Technique | X1: CF | Y1: Corners | Z1: Penalty | AA1: LongThrows | AB1: OVR (calc pull) | AC1: Tier (auto) | AD1: — GK BLOCK — | AE1: Vitesse | AF1: Accélération | AG1: Endurance | AH1: Puissance | AI1: Agilité | AJ1: Détente | AK1: Anticipation | AL1: SangFroid | AM1: Leadership | AN1: Positionnement | AO1: Agressivité | AP1: Décision | AQ1: Réflexes | AR1: Handling | AS1: AerialReach | AT1: CommandArea | AU1: Kicking | AV1: RushingOut | AW1: CF | AX1: Corners | AY1: Penalty | AZ1: LongThrows
A2: =Characters!Q2 | B2: =Characters!A2 | C2: =Characters!C2 | D2: =Characters!D2 | E2: =Characters!J2 | AB2: OVR=BASE x frac+jitter au pull | AC2: =IF(E2>=90,"legend",IF(E2>=82,"star",IF(E2>=70,"regular","rookie")))
A3: =Characters!Q3 | B3: =Characters!A3 | C3: =Characters!C3 | D3: =Characters!D3 | E3: =Characters!J3 | AB3: OVR=BASE x frac+jitter au pull | AC3: =IF(E3>=90,"legend",IF(E3>=82,"star",IF(E3>=70,"regular","rookie")))
A4: =Characters!Q4 | B4: =Characters!A4 | C4: =Characters!C4 | D4: =Characters!D4 | E4: =Characters!J4 | AB4: OVR=BASE x frac+jitter au pull | AC4: =IF(E4>=90,"legend",IF(E4>=82,"star",IF(E4>=70,"regular","rookie")))
A5: =Characters!Q5 | B5: =Characters!A5 | C5: =Characters!C5 | D5: =Characters!D5 | E5: =Characters!J5 | AB5: OVR=BASE x frac+jitter au pull | AC5: =IF(E5>=90,"legend",IF(E5>=82,"star",IF(E5>=70,"regular","rookie")))
A6: =Characters!Q6 | B6: =Characters!A6 | C6: =Characters!C6 | D6: =Characters!D6 | E6: =Characters!J6 | AB6: OVR=BASE x frac+jitter au pull | AC6: =IF(E6>=90,"legend",IF(E6>=82,"star",IF(E6>=70,"regular","rookie")))
A7: =Characters!Q7 | B7: =Characters!A7 | C7: =Characters!C7 | D7: =Characters!D7 | E7: =Characters!J7 | AB7: OVR=BASE x frac+jitter au pull | AC7: =IF(E7>=90,"legend",IF(E7>=82,"star",IF(E7>=70,"regular","rookie")))
A8: =Characters!Q8 | B8: =Characters!A8 | C8: =Characters!C8 | D8: =Characters!D8 | E8: =Characters!J8 | AB8: OVR=BASE x frac+jitter au pull | AC8: =IF(E8>=90,"legend",IF(E8>=82,"star",IF(E8>=70,"regular","rookie")))
A9: =Characters!Q9 | B9: =Characters!A9 | C9: =Characters!C9 | D9: =Characters!D9 | E9: =Characters!J9 | AB9: OVR=BASE x frac+jitter au pull | AC9: =IF(E9>=90,"legend",IF(E9>=82,"star",IF(E9>=70,"regular","rookie")))
A10: =Characters!Q10 | B10: =Characters!A10 | C10: =Characters!C10 | D10: =Characters!D10 | E10: =Characters!J10 | AB10: OVR=BASE x frac+jitter au pull | AC10: =IF(E10>=90,"legend",IF(E10>=82,"star",IF(E10>=70,"regular","rookie")))
A11: =Characters!Q11 | B11: =Characters!A11 | C11: =Characters!C11 | D11: =Characters!D11 | E11: =Characters!J11 | AB11: OVR=BASE x frac+jitter au pull | AC11: =IF(E11>=90,"legend",IF(E11>=82,"star",IF(E11>=70,"regular","rookie")))
A12: =Characters!Q12 | B12: =Characters!A12 | C12: =Characters!C12 | D12: =Characters!D12 | E12: =Characters!J12 | AB12: OVR=BASE x frac+jitter au pull | AC12: =IF(E12>=90,"legend",IF(E12>=82,"star",IF(E12>=70,"regular","rookie")))
A13: =Characters!Q13 | B13: =Characters!A13 | C13: =Characters!C13 | D13: =Characters!D13 | E13: =Characters!J13 | AB13: OVR=BASE x frac+jitter au pull | AC13: =IF(E13>=90,"legend",IF(E13>=82,"star",IF(E13>=70,"regular","rookie")))
... A89: =Characters!Q89 | B89: =Characters!A89 | C89: =Characters!C89 | D89: =Characters!D89 | E89: =Characters!J89 | AB89: OVR=BASE x frac+jitter au pull | AC89: =IF(E89>=90,"legend",IF(E89>=82,"star",IF(E89>=70,"regular","rookie")))

Sheet Card Prints
A1: id (auto) | B1: characterId (auto) | C1: editionCode | D1: rarity | E1: refCode (auto) | F1: mintCap (auto) | G1: minted | H1: skillslots (auto)
A2: =LOWER(Characters!$Q2)&"-s1-common" | B2: =Characters!$Q2 | C2: S1 | D2: common | E2: =Characters!$S2-"&Characters!$Q2-"&UPPER(LEFT("common",1)) | F2: =IF(D2="legendary",1000,IF(D2="secret",100,"")) | G2: 0 | H2: =IF(D2="common",0,IF(D2="rare",1,IF(D2="epic",2,IF(D2="legendary",3,4))))
A3: =LOWER(Characters!$Q2)&"-s1-rare" | B3: =Characters!$Q2 | C3: S1 | D3: rare | E3: =Characters!$S2-"&Characters!$Q2-"&UPPER(LEFT("rare",1)) | F3: =IF(D3="legendary",1000,IF(D3="secret",100,"")) | G3: 0 | H3: =IF(D3="common",0,IF(D3="rare",1,IF(D3="epic",2,IF(D3="legendary",3,4))))
A4: =LOWER(Characters!$Q2)&"-s1-epic" | B4: =Characters!$Q2 | C4: S1 | D4: epic | E4: =Characters!$S2-"&Characters!$Q2-"&UPPER(LEFT("epic",1)) | F4: =IF(D4="legendary",1000,IF(D4="secret",100,"")) | G4: 0 | H4: =IF(D4="common",0,IF(D4="rare",1,IF(D4="epic",2,IF(D4="legendary",3,4))))
A5: =LOWER(Characters!$Q2)&"-s1-legendary" | B5: =Characters!$Q2 | C5: S1 | D5: legendary | E5: =Characters!$S2-"&Characters!$Q2-"&UPPER(LEFT("legendary",1)) | F5: =IF(D5="legendary",1000,IF(D5="secret",100,"")) | G5: 0 | H5: =IF(D5="common",0,IF(D5="rare",1,IF(D5="epic",2,IF(D5="legendary",3,4))))
A6: =LOWER(Characters!$Q2)&"-s1-secret" | B6: =Characters!$Q2 | C6: S1 | D6: secret | E6: =Characters!$S2-"&Characters!$Q2-"&UPPER(LEFT("secret",1)) | F6: =IF(D6="legendary",1000,IF(D6="secret",100,"")) | G6: 0 | H6: =IF(D6="common",0,IF(D6="rare",1,IF(D6="epic",2,IF(D6="legendary",3,4))))
A7: =LOWER(Characters!$Q3)&"-s1-common" | B7: =Characters!$Q3 | C7: S1 | D7: common | E7: =Characters!$S3-"&Characters!$Q3-"&UPPER(LEFT("common",1)) | F7: =IF(D7="legendary",1000,IF(D7="secret",100,"")) | G7: 0 | H7: =IF(D7="common",0,IF(D7="rare",1,IF(D7="epic",2,IF(D7="legendary",3,4))))
A8: =LOWER(Characters!$Q3)&"-s1-rare" | B8: =Characters!$Q3 | C8: S1 | D8: rare | E8: =Characters!$S3-"&Characters!$Q3-"&UPPER(LEFT("rare",1)) | F8: =IF(D8="legendary",1000,IF(D8="secret",100,"")) | G8: 0 | H8: =IF(D8="common",0,IF(D8="rare",1,IF(D8="epic",2,IF(D8="legendary",3,4))))
A9: =LOWER(Characters!$Q3)&"-s1-epic" | B9: =Characters!$Q3 | C9: S1 | D9: epic | E9: =Characters!$S3-"&Characters!$Q3-"&UPPER(LEFT("epic",1)) | F9: =IF(D9="legendary",1000,IF(D9="secret",100,"")) | G9: 0 | H9: =IF(D9="common",0,IF(D9="rare",1,IF(D9="epic",2,IF(D9="legendary",3,4))))
A10: =LOWER(Characters!$Q3)&"-s1-legendary" | B10: =Characters!$Q3 | C10: S1 | D10: legendary | E10: =Characters!$S3-"&Characters!$Q3-"&UPPER(LEFT("legendary",1)) | F10: =IF(D10="legendary",1000,IF(D10="secret",100,"")) | G10: 0 | H10: =IF(D10="common",0,IF(D10="rare",1,IF(D10="epic",2,IF(D10="legendary",3,4))))
A11: =LOWER(Characters!$Q3)&"-s1-secret" | B11: =Characters!$Q3 | C11: S1 | D11: secret | E11: =Characters!$S3-"&Characters!$Q3-"&UPPER(LEFT("secret",1)) | F11: =IF(D11="legendary",1000,IF(D11="secret",100,"")) | G11: 0 | H11: =IF(D11="common",0,IF(D11="rare",1,IF(D11="epic",2,IF(D11="legendary",3,4))))
A12: =LOWER(Characters!$Q4)&"-s1-common" | B12: =Characters!$Q4 | C12: S1 | D12: common | E12: =Characters!$S4-"&Characters!$Q4-"&UPPER(LEFT("common",1)) | F12: =IF(D12="legendary",1000,IF(D12="secret",100,"")) | G12: 0 | H12: =IF(D12="common",0,IF(D12="rare",1,IF(D12="epic",2,IF(D12="legendary",3,4))))
A13: =LOWER(Characters!$Q4)&"-s1-rare" | B13: =Characters!$Q4 | C13: S1 | D13: rare | E13: =Characters!$S4-"&Characters!$Q4-"&UPPER(LEFT("rare",1)) | F13: =IF(D13="legendary",1000,IF(D13="secret",100,"")) | G13: 0 | H13: =IF(D13="common",0,IF(D13="rare",1,IF(D13="epic",2,IF(D13="legendary",3,4))))
A14: =LOWER(Characters!$Q4)&"-s1-epic" | B14: =Characters!$Q4 | C14: S1 | D14: epic | E14: =Characters!$S4-"&Characters!$Q4-"&UPPER(LEFT("epic",1)) | F14: =IF(D14="legendary",1000,IF(D14="secret",100,"")) | G14: 0 | H14: =IF(D14="common",0,IF(D14="rare",1,IF(D14="epic",2,IF(D14="legendary",3,4))))
A15: =LOWER(Characters!$Q4)&"-s1-legendary" | B15: =Characters!$Q4 | C15: S1 | D15: legendary | E15: =Characters!$S4-"&Characters!$Q4-"&UPPER(LEFT("legendary",1)) | F15: =IF(D15="legendary",1000,IF(D15="secret",100,"")) | G15: 0 | H15: =IF(D15="common",0,IF(D15="rare",1,IF(D15="epic",2,IF(D15="legendary",3,4))))
A16: =LOWER(Characters!$Q4)&"-s1-secret" | B16: =Characters!$Q4 | C16: S1 | D16: secret | E16: =Characters!$S4-"&Characters!$Q4-"&UPPER(LEFT("secret",1)) | F16: =IF(D16="legendary",1000,IF(D16="secret",100,"")) | G16: 0 | H16: =IF(D16="common",0,IF(D16="rare",1,IF(D16="epic",2,IF(D16="legendary",3,4))))
A17: =LOWER(Characters!$Q5)&"-s1-common" | B17: =Characters!$Q5 | C17: S1 | D17: common | E17: =Characters!$S5-"&Characters!$Q5-"&UPPER(LEFT("common",1)) | F17: =IF(D17="legendary",1000,IF(D17="secret",100,"")) | G17: 0 | H17: =IF(D17="common",0,IF(D17="rare",1,IF(D17="epic",2,IF(D17="legendary",3,4))))
A18: =LOWER(Characters!$Q5)&"-s1-rare" | B18: =Characters!$Q5 | C18: S1 | D18: rare | E18: =Characters!$S5-"&Characters!$Q5-"&UPPER(LEFT("rare",1)) | F18: =IF(D18="legendary",1000,IF(D18="secret",100,"")) | G18: 0 | H18: =IF(D18="common",0,IF(D18="rare",1,IF(D18="epic",2,IF(D18="legendary",3,4))))
A19: =LOWER(Characters!$Q5)&"-s1-epic" | B19: =Characters!$Q5 | C19: S1 | D19: epic | E19: =Characters!$S5-"&Characters!$Q5-"&UPPER(LEFT("epic",1)) | F19: =IF(D19="legendary",1000,IF(D19="secret",100,"")) | G19: 0 | H19: =IF(D19="common",0,IF(D19="rare",1,IF(D19="epic",2,IF(D19="legendary",3,4))))
A20: =LOWER(Characters!$Q5)&"-s1-legendary" | B20: =Characters!$Q5 | C20: S1 | D20: legendary | E20: =Characters!$S5-"&Characters!$Q5-"&UPPER(LEFT("legendary",1)) | F20: =IF(D20="legendary",1000,IF(D20="secret",100,"")) | G20: 0 | H20: =IF(D20="common",0,IF(D20="rare",1,IF(D20="epic",2,IF(D20="legendary",3,4))))
A21: =LOWER(Characters!$Q5)&"-s1-secret" | B21: =Characters!$Q5 | C21: S1 | D21: secret | E21: =Characters!$S5-"&Characters!$Q5-"&UPPER(LEFT("secret",1)) | F21: =IF(D21="legendary",1000,IF(D21="secret",100,"")) | G21: 0 | H21: =IF(D21="common",0,IF(D21="rare",1,IF(D21="epic",2,IF(D21="legendary",3,4))))
A22: =LOWER(Characters!$Q6)&"-s1-common" | B22: =Characters!$Q6 | C22: S1 | D22: common | E22: =Characters!$S6-"&Characters!$Q6-"&UPPER(LEFT("common",1)) | F22: =IF(D22="legendary",1000,IF(D22="secret",100,"")) | G22: 0 | H22: =IF(D22="common",0,IF(D22="rare",1,IF(D22="epic",2,IF(D22="legendary",3,4))))
A23: =LOWER(Characters!$Q6)&"-s1-rare" | B23: =Characters!$Q6 | C23: S1 | D23: rare | E23: =Characters!$S6-"&Characters!$Q6-"&UPPER(LEFT("rare",1)) | F23: =IF(D23="legendary",1000,IF(D23="secret",100,"")) | G23: 0 | H23: =IF(D23="common",0,IF(D23="rare",1,IF(D23="epic",2,IF(D23="legendary",3,4))))
A24: =LOWER(Characters!$Q6)&"-s1-epic" | B24: =Characters!$Q6 | C24: S1 | D24: epic | E24: =Characters!$S6-"&Characters!$Q6-"&UPPER(LEFT("epic",1)) | F24: =IF(D24="legendary",1000,IF(D24="secret",100,"")) | G24: 0 | H24: =IF(D24="common",0,IF(D24="rare",1,IF(D24="epic",2,IF(D24="legendary",3,4))))
A25: =LOWER(Characters!$Q6)&"-s1-legendary" | B25: =Characters!$Q6 | C25: S1 | D25: legendary | E25: =Characters!$S6-"&Characters!$Q6-"&UPPER(LEFT("legendary",1)) | F25: =IF(D25="legendary",1000,IF(D25="secret",100,"")) | G25: 0 | H25: =IF(D25="common",0,IF(D25="rare",1,IF(D25="epic",2,IF(D25="legendary",3,4))))
A26: =LOWER(Characters!$Q6)&"-s1-secret" | B26: =Characters!$Q6 | C26: S1 | D26: secret | E26: =Characters!$S6-"&Characters!$Q6-"&UPPER(LEFT("secret",1)) | F26: =IF(D26="legendary",1000,IF(D26="secret",100,"")) | G26: 0 | H26: =IF(D26="common",0,IF(D26="rare",1,IF(D26="epic",2,IF(D26="legendary",3,4))))
A27: =LOWER(Characters!$Q7)&"-s1-common" | B27: =Characters!$Q7 | C27: S1 | D27: common | E27: =Characters!$S7-"&Characters!$Q7-"&UPPER(LEFT("common",1)) | F27: =IF(D27="legendary",1000,IF(D27="secret",100,"")) | G27: 0 | H27: =IF(D27="common",0,IF(D27="rare",1,IF(D27="epic",2,IF(D27="legendary",3,4))))
A28: =LOWER(Characters!$Q7)&"-s1-rare" | B28: =Characters!$Q7 | C28: S1 | D28: rare | E28: =Characters!$S7-"&Characters!$Q7-"&UPPER(LEFT("rare",1)) | F28: =IF(D28="legendary",1000,IF(D28="secret",100,"")) | G28: 0 | H28: =IF(D28="common",0,IF(D28="rare",1,IF(D28="epic",2,IF(D28="legendary",3,4))))
A29: =LOWER(Characters!$Q7)&"-s1-epic" | B29: =Characters!$Q7 | C29: S1 | D29: epic | E29: =Characters!$S7-"&Characters!$Q7-"&UPPER(LEFT("epic",1)) | F29: =IF(D29="legendary",1000,IF(D29="secret",100,"")) | G29: 0 | H29: =IF(D29="common",0,IF(D29="rare",1,IF(D29="epic",2,IF(D29="legendary",3,4))))
A30: =LOWER(Characters!$Q7)&"-s1-legendary" | B30: =Characters!$Q7 | C30: S1 | D30: legendary | E30: =Characters!$S7-"&Characters!$Q7-"&UPPER(LEFT("legendary",1)) | F30: =IF(D30="legendary",1000,IF(D30="secret",100,"")) | G30: 0 | H30: =IF(D30="common",0,IF(D30="rare",1,IF(D30="epic",2,IF(D30="legendary",3,4))))
A31: =LOWER(Characters!$Q7)&"-s1-secret" | B31: =Characters!$Q7 | C31: S1 | D31: secret | E31: =Characters!$S7-"&Characters!$Q7-"&UPPER(LEFT("secret",1)) | F31: =IF(D31="legendary",1000,IF(D31="secret",100,"")) | G31: 0 | H31: =IF(D31="common",0,IF(D31="rare",1,IF(D31="epic",2,IF(D31="legendary",3,4))))
A32: =LOWER(Characters!$Q8)&"-s1-common" | B32: =Characters!$Q8 | C32: S1 | D32: common | E32: =Characters!$S8-"&Characters!$Q8-"&UPPER(LEFT("common",1)) | F32: =IF(D32="legendary",1000,IF(D32="secret",100,"")) | G32: 0 | H32: =IF(D32="common",0,IF(D32="rare",1,IF(D32="epic",2,IF(D32="legendary",3,4))))
A33: =LOWER(Characters!$Q8)&"-s1-rare" | B33: =Characters!$Q8 | C33: S1 | D33: rare | E33: =Characters!$S8-"&Characters!$Q8-"&UPPER(LEFT("rare",1)) | F33: =IF(D33="legendary",1000,IF(D33="secret",100,"")) | G33: 0 | H33: =IF(D33="common",0,IF(D33="rare",1,IF(D33="epic",2,IF(D33="legendary",3,4))))
A34: =LOWER(Characters!$Q8)&"-s1-epic" | B34: =Characters!$Q8 | C34: S1 | D34: epic | E34: =Characters!$S8-"&Characters!$Q8-"&UPPER(LEFT("epic",1)) | F34: =IF(D34="legendary",1000,IF(D34="secret",100,"")) | G34: 0 | H34: =IF(D34="common",0,IF(D34="rare",1,IF(D34="epic",2,IF(D34="legendary",3,4))))
A35: =LOWER(Characters!$Q8)&"-s1-legendary" | B35: =Characters!$Q8 | C35: S1 | D35: legendary | E35: =Characters!$S8-"&Characters!$Q8-"&UPPER(LEFT("legendary",1)) | F35: =IF(D35="legendary",1000,IF(D35="secret",100,"")) | G35: 0 | H35: =IF(D35="common",0,IF(D35="rare",1,IF(D35="epic",2,IF(D35="legendary",3,4))))
A36: =LOWER(Characters!$Q8)&"-s1-secret" | B36: =Characters!$Q8 | C36: S1 | D36: secret | E36: =Characters!$S8-"&Characters!$Q8-"&UPPER(LEFT("secret",1)) | F36: =IF(D36="legendary",1000,IF(D36="secret",100,"")) | G36: 0 | H36: =IF(D36="common",0,IF(D36="rare",1,IF(D36="epic",2,IF(D36="legendary",3,4))))
A37: =LOWER(Characters!$Q9)&"-s1-common" | B37: =Characters!$Q9 | C37: S1 | D37: common | E37: =Characters!$S9-"&Characters!$Q9-"&UPPER(LEFT("common",1)) | F37: =IF(D37="legendary",1000,IF(D37="secret",100,"")) | G37: 0 | H37: =IF(D37="common",0,IF(D37="rare",1,IF(D37="epic",2,IF(D37="legendary",3,4))))
A38: =LOWER(Characters!$Q9)&"-s1-rare" | B38: =Characters!$Q9 | C38: S1 | D38: rare | E38: =Characters!$S9-"&Characters!$Q9-"&UPPER(LEFT("rare",1)) | F38: =IF(D38="legendary",1000,IF(D38="secret",100,"")) | G38: 0 | H38: =IF(D38="common",0,IF(D38="rare",1,IF(D38="epic",2,IF(D38="legendary",3,4))))
A39: =LOWER(Characters!$Q9)&"-s1-epic" | B39: =Characters!$Q9 | C39: S1 | D39: epic | E39: =Characters!$S9-"&Characters!$Q9-"&UPPER(LEFT("epic",1)) | F39: =IF(D39="legendary",1000,IF(D39="secret",100,"")) | G39: 0 | H39: =IF(D39="common",0,IF(D39="rare",1,IF(D39="epic",2,IF(D39="legendary",3,4))))
A40: =LOWER(Characters!$Q9)&"-s1-legendary" | B40: =Characters!$Q9 | C40: S1 | D40: legendary | E40: =Characters!$S9-"&Characters!$Q9-"&UPPER(LEFT("legendary",1)) | F40: =IF(D40="legendary",1000,IF(D40="secret",100,"")) | G40: 0 | H40: =IF(D40="common",0,IF(D40="rare",1,IF(D40="epic",2,IF(D40="legendary",3,4))))
A41: =LOWER(Characters!$Q9)&"-s1-secret" | B41: =Characters!$Q9 | C41: S1 | D41: secret | E41: =Characters!$S9-"&Characters!$Q9-"&UPPER(LEFT("secret",1)) | F41: =IF(D41="legendary",1000,IF(D41="secret",100,"")) | G41: 0 | H41: =IF(D41="common",0,IF(D41="rare",1,IF(D41="epic",2,IF(D41="legendary",3,4))))
A42: =LOWER(Characters!$Q10)&"-s1-common" | B42: =Characters!$Q10 | C42: S1 | D42: common | E42: =Characters!$S10-"&Characters!$Q10-"&UPPER(LEFT("common",1)) | F42: =IF(D42="legendary",1000,IF(D42="secret",100,"")) | G42: 0 | H42: =IF(D42="common",0,IF(D42="rare",1,IF(D42="epic",2,IF(D42="legendary",3,4))))
A43: =LOWER(Characters!$Q10)&"-s1-rare" | B43: =Characters!$Q10 | C43: S1 | D43: rare | E43: =Characters!$S10-"&Characters!$Q10-"&UPPER(LEFT("rare",1)) | F43: =IF(D43="legendary",1000,IF(D43="secret",100,"")) | G43: 0 | H43: =IF(D43="common",0,IF(D43="rare",1,IF(D43="epic",2,IF(D43="legendary",3,4))))
A44: =LOWER(Characters!$Q10)&"-s1-epic" | B44: =Characters!$Q10 | C44: S1 | D44: epic | E44: =Characters!$S10-"&Characters!$Q10-"&UPPER(LEFT("epic",1)) | F44: =IF(D44="legendary",1000,IF(D44="secret",100,"")) | G44: 0 | H44: =IF(D44="common",0,IF(D44="rare",1,IF(D44="epic",2,IF(D44="legendary",3,4))))
A45: =LOWER(Characters!$Q10)&"-s1-legendary" | B45: =Characters!$Q10 | C45: S1 | D45: legendary | E45: =Characters!$S10-"&Characters!$Q10-"&UPPER(LEFT("legendary",1)) | F45: =IF(D45="legendary",1000,IF(D45="secret",100,"")) | G45: 0 | H45: =IF(D45="common",0,IF(D45="rare",1,IF(D45="epic",2,IF(D45="legendary",3,4))))
A46: =LOWER(Characters!$Q10)&"-s1-secret" | B46: =Characters!$Q10 | C46: S1 | D46: secret | E46: =Characters!$S10-"&Characters!$Q10-"&UPPER(LEFT("secret",1)) | F46: =IF(D46="legendary",1000,IF(D46="secret",100,"")) | G46: 0 | H46: =IF(D46="common",0,IF(D46="rare",1,IF(D46="epic",2,IF(D46="legendary",3,4))))
A47: =LOWER(Characters!$Q11)&"-s1-common" | B47: =Characters!$Q11 | C47: S1 | D47: common | E47: =Characters!$S11-"&Characters!$Q11-"&UPPER(LEFT("common",1)) | F47: =IF(D47="legendary",1000,IF(D47="secret",100,"")) | G47: 0 | H47: =IF(D47="common",0,IF(D47="rare",1,IF(D47="epic",2,IF(D47="legendary",3,4))))
A48: =LOWER(Characters!$Q11)&"-s1-rare" | B48: =Characters!$Q11 | C48: S1 | D48: rare | E48: =Characters!$S11-"&Characters!$Q11-"&UPPER(LEFT("rare",1)) | F48: =IF(D48="legendary",1000,IF(D48="secret",100,"")) | G48: 0 | H48: =IF(D48="common",0,IF(D48="rare",1,IF(D48="epic",2,IF(D48="legendary",3,4))))
A49: =LOWER(Characters!$Q11)&"-s1-epic" | B49: =Characters!$Q11 | C49: S1 | D49: epic | E49: =Characters!$S11-"&Characters!$Q11-"&UPPER(LEFT("epic",1)) | F49: =IF(D49="legendary",1000,IF(D49="secret",100,"")) | G49: 0 | H49: =IF(D49="common",0,IF(D49="rare",1,IF(D49="epic",2,IF(D49="legendary",3,4))))
A50: =LOWER(Characters!$Q11)&"-s1-legendary" | B50: =Characters!$Q11 | C50: S1 | D50: legendary | E50: =Characters!$S11-"&Characters!$Q11-"&UPPER(LEFT("legendary",1)) | F50: =IF(D50="legendary",1000,IF(D50="secret",100,"")) | G50: 0 | H50: =IF(D50="common",0,IF(D50="rare",1,IF(D50="epic",2,IF(D50="legendary",3,4))))
A51: =LOWER(Characters!$Q11)&"-s1-secret" | B51: =Characters!$Q11 | C51: S1 | D51: secret | E51: =Characters!$S11-"&Characters!$Q11-"&UPPER(LEFT("secret",1)) | F51: =IF(D51="legendary",1000,IF(D51="secret",100,"")) | G51: 0 | H51: =IF(D51="common",0,IF(D51="rare",1,IF(D51="epic",2,IF(D51="legendary",3,4))))
A52: =LOWER(Characters!$Q12)&"-s1-common" | B52: =Characters!$Q12 | C52: S1 | D52: common | E52: =Characters!$S12-"&Characters!$Q12-"&UPPER(LEFT("common",1)) | F52: =IF(D52="legendary",1000,IF(D52="secret",100,"")) | G52: 0 | H52: =IF(D52="common",0,IF(D52="rare",1,IF(D52="epic",2,IF(D52="legendary",3,4))))
A53: =LOWER(Characters!$Q12)&"-s1-rare" | B53: =Characters!$Q12 | C53: S1 | D53: rare | E53: =Characters!$S12-"&Characters!$Q12-"&UPPER(LEFT("rare",1)) | F53: =IF(D53="legendary",1000,IF(D53="secret",100,"")) | G53: 0 | H53: =IF(D53="common",0,IF(D53="rare",1,IF(D53="epic",2,IF(D53="legendary",3,4))))
A54: =LOWER(Characters!$Q12)&"-s1-epic" | B54: =Characters!$Q12 | C54: S1 | D54: epic | E54: =Characters!$S12-"&Characters!$Q12-"&UPPER(LEFT("epic",1)) | F54: =IF(D54="legendary",1000,IF(D54="secret",100,"")) | G54: 0 | H54: =IF(D54="common",0,IF(D54="rare",1,IF(D54="epic",2,IF(D54="legendary",3,4))))
A55: =LOWER(Characters!$Q12)&"-s1-legendary" | B55: =Characters!$Q12 | C55: S1 | D55: legendary | E55: =Characters!$S12-"&Characters!$Q12-"&UPPER(LEFT("legendary",1)) | F55: =IF(D55="legendary",1000,IF(D55="secret",100,"")) | G55: 0 | H55: =IF(D55="common",0,IF(D55="rare",1,IF(D55="epic",2,IF(D55="legendary",3,4))))
A56: =LOWER(Characters!$Q12)&"-s1-secret" | B56: =Characters!$Q12 | C56: S1 | D56: secret | E56: =Characters!$S12-"&Characters!$Q12-"&UPPER(LEFT("secret",1)) | F56: =IF(D56="legendary",1000,IF(D56="secret",100,"")) | G56: 0 | H56: =IF(D56="common",0,IF(D56="rare",1,IF(D56="epic",2,IF(D56="legendary",3,4))))
A57: =LOWER(Characters!$Q13)&"-s1-common" | B57: =Characters!$Q13 | C57: S1 | D57: common | E57: =Characters!$S13-"&Characters!$Q13-"&UPPER(LEFT("common",1)) | F57: =IF(D57="legendary",1000,IF(D57="secret",100,"")) | G57: 0 | H57: =IF(D57="common",0,IF(D57="rare",1,IF(D57="epic",2,IF(D57="legendary",3,4))))
A58: =LOWER(Characters!$Q13)&"-s1-rare" | B58: =Characters!$Q13 | C58: S1 | D58: rare | E58: =Characters!$S13-"&Characters!$Q13-"&UPPER(LEFT("rare",1)) | F58: =IF(D58="legendary",1000,IF(D58="secret",100,"")) | G58: 0 | H58: =IF(D58="common",0,IF(D58="rare",1,IF(D58="epic",2,IF(D58="legendary",3,4))))
A59: =LOWER(Characters!$Q13)&"-s1-epic" | B59: =Characters!$Q13 | C59: S1 | D59: epic | E59: =Characters!$S13-"&Characters!$Q13-"&UPPER(LEFT("epic",1)) | F59: =IF(D59="legendary",1000,IF(D59="secret",100,"")) | G59: 0 | H59: =IF(D59="common",0,IF(D59="rare",1,IF(D59="epic",2,IF(D59="legendary",3,4))))
A60: =LOWER(Characters!$Q13)&"-s1-legendary" | B60: =Characters!$Q13 | C60: S1 | D60: legendary | E60: =Characters!$S13-"&Characters!$Q13-"&UPPER(LEFT("legendary",1)) | F60: =IF(D60="legendary",1000,IF(D60="secret",100,"")) | G60: 0 | H60: =IF(D60="common",0,IF(D60="rare",1,IF(D60="epic",2,IF(D60="legendary",3,4))))
A61: =LOWER(Characters!$Q13)&"-s1-secret" | B61: =Characters!$Q13 | C61: S1 | D61: secret | E61: =Characters!$S13-"&Characters!$Q13-"&UPPER(LEFT("secret",1)) | F61: =IF(D61="legendary",1000,IF(D61="secret",100,"")) | G61: 0 | H61: =IF(D61="common",0,IF(D61="rare",1,IF(D61="epic",2,IF(D61="legendary",3,4))))
A62: =LOWER(Characters!$Q14)&"-s1-common" | B62: =Characters!$Q14 | C62: S1 | D62: common | E62: =Characters!$S14-"&Characters!$Q14-"&UPPER(LEFT("common",1)) | F62: =IF(D62="legendary",1000,IF(D62="secret",100,"")) | G62: 0 | H62: =IF(D62="common",0,IF(D62="rare",1,IF(D62="epic",2,IF(D62="legendary",3,4))))
A63: =LOWER(Characters!$Q14)&"-s1-rare" | B63: =Characters!$Q14 | C63: S1 | D63: rare | E63: =Characters!$S14-"&Characters!$Q14-"&UPPER(LEFT("rare",1)) | F63: =IF(D63="legendary",1000,IF(D63="secret",100,"")) | G63: 0 | H63: =IF(D63="common",0,IF(D63="rare",1,IF(D63="epic",2,IF(D63="legendary",3,4))))
A64: =LOWER(Characters!$Q14)&"-s1-epic" | B64: =Characters!$Q14 | C64: S1 | D64: epic | E64: =Characters!$S14-"&Characters!$Q14-"&UPPER(LEFT("epic",1)) | F64: =IF(D64="legendary",1000,IF(D64="secret",100,"")) | G64: 0 | H64: =IF(D64="common",0,IF(D64="rare",1,IF(D64="epic",2,IF(D64="legendary",3,4))))
A65: =LOWER(Characters!$Q14)&"-s1-legendary" | B65: =Characters!$Q14 | C65: S1 | D65: legendary | E65: =Characters!$S14-"&Characters!$Q14-"&UPPER(LEFT("legendary",1)) | F65: =IF(D65="legendary",1000,IF(D65="secret",100,"")) | G65: 0 | H65: =IF(D65="common",0,IF(D65="rare",1,IF(D65="epic",2,IF(D65="legendary",3,4))))
A66: =LOWER(Characters!$Q14)&"-s1-secret" | B66: =Characters!$Q14 | C66: S1 | D66: secret | E66: =Characters!$S14-"&Characters!$Q14-"&UPPER(LEFT("secret",1)) | F66: =IF(D66="legendary",1000,IF(D66="secret",100,"")) | G66: 0 | H66: =IF(D66="common",0,IF(D66="rare",1,IF(D66="epic",2,IF(D66="legendary",3,4))))
A67: =LOWER(Characters!$Q15)&"-s1-common" | B67: =Characters!$Q15 | C67: S1 | D67: common | E67: =Characters!$S15-"&Characters!$Q15-"&UPPER(LEFT("common",1)) | F67: =IF(D67="legendary",1000,IF(D67="secret",100,"")) | G67: 0 | H67: =IF(D67="common",0,IF(D67="rare",1,IF(D67="epic",2,IF(D67="legendary",3,4))))
A68: =LOWER(Characters!$Q15)&"-s1-rare" | B68: =Characters!$Q15 | C68: S1 | D68: rare | E68: =Characters!$S15-"&Characters!$Q15-"&UPPER(LEFT("rare",1)) | F68: =IF(D68="legendary",1000,IF(D68="secret",100,"")) | G68: 0 | H68: =IF(D68="common",0,IF(D68="rare",1,IF(D68="epic",2,IF(D68="legendary",3,4))))
A69: =LOWER(Characters!$Q15)&"-s1-epic" | B69: =Characters!$Q15 | C69: S1 | D69: epic | E69: =Characters!$S15-"&Characters!$Q15-"&UPPER(LEFT("epic",1)) | F69: =IF(D69="legendary",1000,IF(D69="secret",100,"")) | G69: 0 | H69: =IF(D69="common",0,IF(D69="rare",1,IF(D69="epic",2,IF(D69="legendary",3,4))))
A70: =LOWER(Characters!$Q15)&"-s1-legendary" | B70: =Characters!$Q15 | C70: S1 | D70: legendary | E70: =Characters!$S15-"&Characters!$Q15-"&UPPER(LEFT("legendary",1)) | F70: =IF(D70="legendary",1000,IF(D70="secret",100,"")) | G70: 0 | H70: =IF(D70="common",0,IF(D70="rare",1,IF(D70="epic",2,IF(D70="legendary",3,4))))
A71: =LOWER(Characters!$Q15)&"-s1-secret" | B71: =Characters!$Q15 | C71: S1 | D71: secret | E71: =Characters!$S15-"&Characters!$Q15-"&UPPER(LEFT("secret",1)) | F71: =IF(D71="legendary",1000,IF(D71="secret",100,"")) | G71: 0 | H71: =IF(D71="common",0,IF(D71="rare",1,IF(D71="epic",2,IF(D71="legendary",3,4))))
A72: =LOWER(Characters!$Q16)&"-s1-common" | B72: =Characters!$Q16 | C72: S1 | D72: common | E72: =Characters!$S16-"&Characters!$Q16-"&UPPER(LEFT("common",1)) | F72: =IF(D72="legendary",1000,IF(D72="secret",100,"")) | G72: 0 | H72: =IF(D72="common",0,IF(D72="rare",1,IF(D72="epic",2,IF(D72="legendary",3,4))))
A73: =LOWER(Characters!$Q16)&"-s1-rare" | B73: =Characters!$Q16 | C73: S1 | D73: rare | E73: =Characters!$S16-"&Characters!$Q16-"&UPPER(LEFT("rare",1)) | F73: =IF(D73="legendary",1000,IF(D73="secret",100,"")) | G73: 0 | H73: =IF(D73="common",0,IF(D73="rare",1,IF(D73="epic",2,IF(D73="legendary",3,4))))
A74: =LOWER(Characters!$Q16)&"-s1-epic" | B74: =Characters!$Q16 | C74: S1 | D74: epic | E74: =Characters!$S16-"&Characters!$Q16-"&UPPER(LEFT("epic",1)) | F74: =IF(D74="legendary",1000,IF(D74="secret",100,"")) | G74: 0 | H74: =IF(D74="common",0,IF(D74="rare",1,IF(D74="epic",2,IF(D74="legendary",3,4))))
A75: =LOWER(Characters!$Q16)&"-s1-legendary" | B75: =Characters!$Q16 | C75: S1 | D75: legendary | E75: =Characters!$S16-"&Characters!$Q16-"&UPPER(LEFT("legendary",1)) | F75: =IF(D75="legendary",1000,IF(D75="secret",100,"")) | G75: 0 | H75: =IF(D75="common",0,IF(D75="rare",1,IF(D75="epic",2,IF(D75="legendary",3,4))))
A76: =LOWER(Characters!$Q16)&"-s1-secret" | B76: =Characters!$Q16 | C76: S1 | D76: secret | E76: =Characters!$S16-"&Characters!$Q16-"&UPPER(LEFT("secret",1)) | F76: =IF(D76="legendary",1000,IF(D76="secret",100,"")) | G76: 0 | H76: =IF(D76="common",0,IF(D76="rare",1,IF(D76="epic",2,IF(D76="legendary",3,4))))
A77: =LOWER(Characters!$Q17)&"-s1-common" | B77: =Characters!$Q17 | C77: S1 | D77: common | E77: =Characters!$S17-"&Characters!$Q17-"&UPPER(LEFT("common",1)) | F77: =IF(D77="legendary",1000,IF(D77="secret",100,"")) | G77: 0 | H77: =IF(D77="common",0,IF(D77="rare",1,IF(D77="epic",2,IF(D77="legendary",3,4))))
A78: =LOWER(Characters!$Q17)&"-s1-rare" | B78: =Characters!$Q17 | C78: S1 | D78: rare | E78: =Characters!$S17-"&Characters!$Q17-"&UPPER(LEFT("rare",1)) | F78: =IF(D78="legendary",1000,IF(D78="secret",100,"")) | G78: 0 | H78: =IF(D78="common",0,IF(D78="rare",1,IF(D78="epic",2,IF(D78="legendary",3,4))))
A79: =LOWER(Characters!$Q17)&"-s1-epic" | B79: =Characters!$Q17 | C79: S1 | D79: epic | E79: =Characters!$S17-"&Characters!$Q17-"&UPPER(LEFT("epic",1)) | F79: =IF(D79="legendary",1000,IF(D79="secret",100,"")) | G79: 0 | H79: =IF(D79="common",0,IF(D79="rare",1,IF(D79="epic",2,IF(D79="legendary",3,4))))
A80: =LOWER(Characters!$Q17)&"-s1-legendary" | B80: =Characters!$Q17 | C80: S1 | D80: legendary | E80: =Characters!$S17-"&Characters!$Q17-"&UPPER(LEFT("legendary",1)) | F80: =IF(D80="legendary",1000,IF(D80="secret",100,"")) | G80: 0 | H80: =IF(D80="common",0,IF(D80="rare",1,IF(D80="epic",2,IF(D80="legendary",3,4))))
A81: =LOWER(Characters!$Q17)&"-s1-secret" | B81: =Characters!$Q17 | C81: S1 | D81: secret | E81: =Characters!$S17-"&Characters!$Q17-"&UPPER(LEFT("secret",1)) | F81: =IF(D81="legendary",1000,IF(D81="secret",100,"")) | G81: 0 | H81: =IF(D81="common",0,IF(D81="rare",1,IF(D81="epic",2,IF(D81="legendary",3,4))))
A82: =LOWER(Characters!$Q18)&"-s1-common" | B82: =Characters!$Q18 | C82: S1 | D82: common | E82: =Characters!$S18-"&Characters!$Q18-"&UPPER(LEFT("common",1)) | F82: =IF(D82="legendary",1000,IF(D82="secret",100,"")) | G82: 0 | H82: =IF(D82="common",0,IF(D82="rare",1,IF(D82="epic",2,IF(D82="legendary",3,4))))
A83: =LOWER(Characters!$Q18)&"-s1-rare" | B83: =Characters!$Q18 | C83: S1 | D83: rare | E83: =Characters!$S18-"&Characters!$Q18-"&UPPER(LEFT("rare",1)) | F83: =IF(D83="legendary",1000,IF(D83="secret",100,"")) | G83: 0 | H83: =IF(D83="common",0,IF(D83="rare",1,IF(D83="epic",2,IF(D83="legendary",3,4))))
A84: =LOWER(Characters!$Q18)&"-s1-epic" | B84: =Characters!$Q18 | C84: S1 | D84: epic | E84: =Characters!$S18-"&Characters!$Q18-"&UPPER(LEFT("epic",1)) | F84: =IF(D84="legendary",1000,IF(D84="secret",100,"")) | G84: 0 | H84: =IF(D84="common",0,IF(D84="rare",1,IF(D84="epic",2,IF(D84="legendary",3,4))))
A85: =LOWER(Characters!$Q18)&"-s1-legendary" | B85: =Characters!$Q18 | C85: S1 | D85: legendary | E85: =Characters!$S18-"&Characters!$Q18-"&UPPER(LEFT("legendary",1)) | F85: =IF(D85="legendary",1000,IF(D85="secret",100,"")) | G85: 0 | H85: =IF(D85="common",0,IF(D85="rare",1,IF(D85="epic",2,IF(D85="legendary",3,4))))
A86: =LOWER(Characters!$Q18)&"-s1-secret" | B86: =Characters!$Q18 | C86: S1 | D86: secret | E86: =Characters!$S18-"&Characters!$Q18-"&UPPER(LEFT("secret",1)) | F86: =IF(D86="legendary",1000,IF(D86="secret",100,"")) | G86: 0 | H86: =IF(D86="common",0,IF(D86="rare",1,IF(D86="epic",2,IF(D86="legendary",3,4))))
A87: =LOWER(Characters!$Q19)&"-s1-common" | B87: =Characters!$Q19 | C87: S1 | D87: common | E87: =Characters!$S19-"&Characters!$Q19-"&UPPER(LEFT("common",1)) | F87: =IF(D87="legendary",1000,IF(D87="secret",100,"")) | G87: 0 | H87: =IF(D87="common",0,IF(D87="rare",1,IF(D87="epic",2,IF(D87="legendary",3,4))))
A88: =LOWER(Characters!$Q19)&"-s1-rare" | B88: =Characters!$Q19 | C88: S1 | D88: rare | E88: =Characters!$S19-"&Characters!$Q19-"&UPPER(LEFT("rare",1)) | F88: =IF(D88="legendary",1000,IF(D88="secret",100,"")) | G88: 0 | H88: =IF(D88="common",0,IF(D88="rare",1,IF(D88="epic",2,IF(D88="legendary",3,4))))
A89: =LOWER(Characters!$Q19)&"-s1-epic" | B89: =Characters!$Q19 | C89: S1 | D89: epic | E89: =Characters!$S19-"&Characters!$Q19-"&UPPER(LEFT("epic",1)) | F89: =IF(D89="legendary",1000,IF(D89="secret",100,"")) | G89: 0 | H89: =IF(D89="common",0,IF(D89="rare",1,IF(D89="epic",2,IF(D89="legendary",3,4))))
A90: =LOWER(Characters!$Q19)&"-s1-legendary" | B90: =Characters!$Q19 | C90: S1 | D90: legendary | E90: =Characters!$S19-"&Characters!$Q19-"&UPPER(LEFT("legendary",1)) | F90: =IF(D90="legendary",1000,IF(D90="secret",100,"")) | G90: 0 | H90: =IF(D90="common",0,IF(D90="rare",1,IF(D90="epic",2,IF(D90="legendary",3,4))))
A91: =LOWER(Characters!$Q19)&"-s1-secret" | B91: =Characters!$Q19 | C91: S1 | D91: secret | E91: =Characters!$S19-"&Characters!$Q19-"&UPPER(LEFT("secret",1)) | F91: =IF(D91="legendary",1000,IF(D91="secret",100,"")) | G91: 0 | H91: =IF(D91="common",0,IF(D91="rare",1,IF(D91="epic",2,IF(D91="legendary",3,4))))
A92: =LOWER(Characters!$Q20)&"-s1-common" | B92: =Characters!$Q20 | C92: S1 | D92: common | E92: =Characters!$S20-"&Characters!$Q20-"&UPPER(LEFT("common",1)) | F92: =IF(D92="legendary",1000,IF(D92="secret",100,"")) | G92: 0 | H92: =IF(D92="common",0,IF(D92="rare",1,IF(D92="epic",2,IF(D92="legendary",3,4))))
A93: =LOWER(Characters!$Q20)&"-s1-rare" | B93: =Characters!$Q20 | C93: S1 | D93: rare | E93: =Characters!$S20-"&Characters!$Q20-"&UPPER(LEFT("rare",1)) | F93: =IF(D93="legendary",1000,IF(D93="secret",100,"")) | G93: 0 | H93: =IF(D93="common",0,IF(D93="rare",1,IF(D93="epic",2,IF(D93="legendary",3,4))))
A94: =LOWER(Characters!$Q20)&"-s1-epic" | B94: =Characters!$Q20 | C94: S1 | D94: epic | E94: =Characters!$S20-"&Characters!$Q20-"&UPPER(LEFT("epic",1)) | F94: =IF(D94="legendary",1000,IF(D94="secret",100,"")) | G94: 0 | H94: =IF(D94="common",0,IF(D94="rare",1,IF(D94="epic",2,IF(D94="legendary",3,4))))
A95: =LOWER(Characters!$Q20)&"-s1-legendary" | B95: =Characters!$Q20 | C95: S1 | D95: legendary | E95: =Characters!$S20-"&Characters!$Q20-"&UPPER(LEFT("legendary",1)) | F95: =IF(D95="legendary",1000,IF(D95="secret",100,"")) | G95: 0 | H95: =IF(D95="common",0,IF(D95="rare",1,IF(D95="epic",2,IF(D95="legendary",3,4))))
A96: =LOWER(Characters!$Q20)&"-s1-secret" | B96: =Characters!$Q20 | C96: S1 | D96: secret | E96: =Characters!$S20-"&Characters!$Q20-"&UPPER(LEFT("secret",1)) | F96: =IF(D96="legendary",1000,IF(D96="secret",100,"")) | G96: 0 | H96: =IF(D96="common",0,IF(D96="rare",1,IF(D96="epic",2,IF(D96="legendary",3,4))))
A97: =LOWER(Characters!$Q21)&"-s1-common" | B97: =Characters!$Q21 | C97: S1 | D97: common | E97: =Characters!$S21-"&Characters!$Q21-"&UPPER(LEFT("common",1)) | F97: =IF(D97="legendary",1000,IF(D97="secret",100,"")) | G97: 0 | H97: =IF(D97="common",0,IF(D97="rare",1,IF(D97="epic",2,IF(D97="legendary",3,4))))
A98: =LOWER(Characters!$Q21)&"-s1-rare" | B98: =Characters!$Q21 | C98: S1 | D98: rare | E98: =Characters!$S21-"&Characters!$Q21-"&UPPER(LEFT("rare",1)) | F98: =IF(D98="legendary",1000,IF(D98="secret",100,"")) | G98: 0 | H98: =IF(D98="common",0,IF(D98="rare",1,IF(D98="epic",2,IF(D98="legendary",3,4))))
A99: =LOWER(Characters!$Q21)&"-s1-epic" | B99: =Characters!$Q21 | C99: S1 | D99: epic | E99: =Characters!$S21-"&Characters!$Q21-"&UPPER(LEFT("epic",1)) | F99: =IF(D99="legendary",1000,IF(D99="secret",100,"")) | G99: 0 | H99: =IF(D99="common",0,IF(D99="rare",1,IF(D99="epic",2,IF(D99="legendary",3,4))))
A100: =LOWER(Characters!$Q21)&"-s1-legendary" | B100: =Characters!$Q21 | C100: S1 | D100: legendary | E100: =Characters!$S21-"&Characters!$Q21-"&UPPER(LEFT("legendary",1)) | F100: =IF(D100="legendary",1000,IF(D100="secret",100,"")) | G100: 0 | H100: =IF(D100="common",0,IF(D100="rare",1,IF(D100="epic",2,IF(D100="legendary",3,4))))
...

Sheet Packs
A1: packCode | B1: name | C1: edition | D1: costTickets | E1: costGems | F1: common% | G1: rare% | H1: epic% | I1: legendary% | J1: secret% | K1: tags
A2: STANDARD | B2: Standard Pack | C2: S1 | D2: 1 | E2: 350 | F2: 50 | G2: 30 | H2: 14 | I2: 5 | J2: 1 | K2: x5 cards,Standard odds
A3: PREMIUM | B3: Premium Pack | C3: S1 | E3: 650 | F3: 33 | G3: 32 | H3: 20 | I3: 12 | J3: 3 | K3: x5 cards,Boosted odds

Sheet Références
A1: NATIONS → prefix (refCode)
A2: france | B2: FR
A3: allemagne | B3: DE
A4: angleterre | B4: GB
A5: italie | B5: IT
A6: espagne | B6: ES
A7: bresil | B7: BR
A8: japon | B8: JP
A9: argentine | B9: AR
A11: POSTES NATURELS (12) — SS = RÔLE
A12: GK/RB/LB/CB/CDM/CM/CAM/LM/RM/LW/RW/ST | B12: 12 cases FM
A13: SS | B13: RÔLE (second_striker), pas une position. Mettre dans col role.
A15: ARCHETYPES → STATS (PROFIL, pas boost OVR)
A16: Principe | B16: base OVR fixe (capée 93). Les archetypes RÉPARTISSENT le budget : montent les stats du profil, baissent d'autres. Stacker 3 archetypes = carte PLUS SPÉCIALISÉE, pas plus forte.
A17: vitesse | B17: Vitesse/Accélération/Agilité/Détente ↑ | autres ↓
A18: rugueux | B18: Tacle/Agressivité/Puissance/Positionnement ↑
A19: finition | B19: Tir/Détente/Technique/Sang-Froid ↑
A20: tete | B20: Détente/Puissance/Centre/Agressivité ↑
A21: vision | B21: Passe/Décision/Technique/Anticipation ↑
A22: creatif | B22: Dribble/Technique/Centre/Passe ↑
A23: pressing | B23: Endurance/Positionnement/Tacle/Agressivité ↑
A24: aerien | B24: Détente/AerialReach/Puissance ↑ (GK)
A25: mur | B25: Tacle/Positionnement/Puissance/Anticipation ↑
A26: box2box | B26: Endurance/Positionnement/Passe/Tacle ↑
A27: regista | B27: Passe/Décision/Technique/Anticipation ↑
... A34: sweeper | B34: RushingOut/Réflexes/Agilité/Anticipation ↑ (GK)
A36: STYLES (5, LIBRE, roue RPS)
A37: percussion | B37: BAT Sang-froid
A38: vista | B38: BAT Pressing
A39: pressing | B39: BAT Élévation
A40: elevation | B40: BAT Sang-froid
A41: sangFroid | B41: BAT Percussion
A43: RARETÉ → FRAC + SKILLS (Système B)
A44: common | B44: frac 0.78 | 0 skill slot
A45: rare | B45: frac 0.85 | 1 slot
A46: epic | B46: frac 0.91 | 2 slots
A47: legendary | B47: frac 1.00 (= base) | 3 slots
A48: secret | B48: frac 1.12 | 4 slots DONT 1 SIGNATURE (arme mythique, perso signature=oui)
A49: OVR | B49: min(99, round(base × frac + jitter ±3)). Base capée 93.
A51: MALUS HORS-POSTE (Option A, FM-style)
A52: Naturel (vert) | B52: 0%
A53: Secondaire (orange) | B53: ~-8% sur stats différentielles
A54: Hors postes (rouge) | B54: ~-25% sur stats différentielles (type B)
A56: GAMEPLAY EXTRA (Characters)
A57: pied (right/left/both) | B57: Influence Tir/Centre côté faible + moteur
A58: taille (cm) | B58: Détente / AerialReach (jeu de tête)
A59: poids (kg) | B59: Puissance / Agilité
A61: NOTE CODE (décalage vs ce master)
A62: footballCards.ts | B62: defaultPosition = 4 blocs — À MIGRER vers 12 postes + role + 2 secondaires
A63: footballCards.ts | B63: defaultStyle = 1 seul — À MIGRER vers style libre + archetypes
A64: pack/open/route.ts | B64: serial cosmétique (au-delà cap -> null, carte drop quand même). Pas d'annulation/remboursement.
A65: Générateur | B65: base × frac + jitter + redistrib archetypes + pied/taille/poids + malus NON dans le repo — À porter depuis la sim.
